t,cmd,setL,setR,rpsL,rpsR,outL,outR,Kp,Ki,Kd
0.004,STOP,0.000,0.000,0.000,0.000,0.0000,0.0000,0.600,0.000,0.000
0.008,STOP,0.000,0.000,0.000,0.000,0.0000,0.0000,0.600,0.000,0.000
0.027,STOP,0.000,0.000,0.000,0.000,0.0000,0.0000,0.600,0.000,0.000
0.047,STOP,0.000,0.000,0.000,0.000,0.0000,0.0000,0.600,0.000,0.000
0.067,STOP,0.000,0.000,0.000,0.000,0.0000,0.0000,0.600,0.000,0.000
0.087,STOP,0.000,0.000,0.000,0.000,0.0000,0.0000,0.600,0.000,0.000
0.107,STOP,0.000,0.000,0.000,0.000,0.0000,0.0000,0.600,0.000,0.000
0.127,STOP,0.000,0.000,0.000,0.000,0.0000,0.0000,0.600,0.000,0.000
0.147,STOP,0.000,0.000,0.000,0.000,0.0000,0.0000,0.600,0.000,0.000
0.167,STOP,0.000,0.000,0.000,0.000,0.0000,0.0000,0.600,0.000,0.000
0.187,STOP,0.000,0.000,0.000,0.000,0.0000,0.0000,0.600,0.000,0.000
0.207,STOP,0.000,0.000,0.000,0.000,0.0000,0.0000,0.600,0.000,0.000
0.227,STOP,0.000,0.000,0.000,0.000,0.0000,0.0000,0.600,0.000,0.000
0.247,STOP,0.000,0.000,0.000,0.000,0.0000,0.0000,0.600,0.000,0.000
0.267,STOP,0.000,0.000,0.000,0.000,0.0000,0.0000,0.600,0.000,0.000
0.287,STOP,0.000,0.000,0.000,0.000,0.0000,0.0000,0.600,0.000,0.000
0.307,STOP,0.000,0.000,0.000,0.000,0.0000,0.0000,0.600,0.000,0.000
0.327,STOP,0.000,0.000,0.000,0.000,0.0000,0.0000,0.600,0.000,0.000
0.347,STOP,0.000,0.000,0.000,0.000,0.0000,0.0000,0.600,0.000,0.000
0.367,STOP,0.000,0.000,0.000,0.000,0.0000,0.0000,0.600,0.000,0.000
0.387,STOP,0.000,0.000,0.000,0.000,0.0000,0.0000,0.600,0.000,0.000
0.407,STOP,0.000,0.000,0.000,0.000,0.0000,0.0000,0.600,0.000,0.000
0.427,STOP,0.000,0.000,0.000,0.000,0.0000,0.0000,0.600,0.000,0.000
0.447,STOP,0.000,0.000,0.000,0.000,0.0000,0.0000,0.600,0.000,0.000
0.467,STOP,0.000,0.000,0.000,0.000,0.0000,0.0000,0.600,0.000,0.000
0.487,STOP,0.000,0.000,0.000,0.000,0.0000,0.0000,0.600,0.000,0.000
0.507,STOP,0.000,0.000,0.000,0.000,0.0000,0.0000,0.600,0.000,0.000
0.527,STOP,0.000,0.000,0.000,0.000,0.0000,0.0000,0.600,0.000,0.000
0.547,STOP,0.000,0.000,0.000,0.000,0.0000,0.0000,0.600,0.000,0.000
0.567,STOP,0.000,0.000,0.000,0.000,0.0000,0.0000,0.600,0.000,0.000
0.587,STOP,0.000,0.000,0.000,0.000,0.0000,0.0000,0.600,0.000,0.000
0.607,STOP,0.000,0.000,0.000,0.000,0.0000,0.0000,0.600,0.000,0.000
0.627,STOP,0.000,0.000,0.000,0.000,0.0000,0.0000,0.600,0.000,0.000
0.647,STOP,0.000,0.000,0.000,0.000,0.0000,0.0000,0.600,0.000,0.000
0.667,STOP,0.000,0.000,0.000,0.000,0.0000,0.0000,0.600,0.000,0.000
0.687,STOP,0.000,0.000,0.000,0.000,0.0000,0.0000,0.600,0.000,0.000
0.707,STOP,0.000,0.000,0.000,0.000,0.0000,0.0000,0.600,0.000,0.000
0.727,STOP,0.000,0.000,0.000,0.000,0.0000,0.0000,0.600,0.000,0.000
0.747,STOP,0.000,0.000,0.000,0.000,0.0000,0.0000,0.600,0.000,0.000
0.767,STOP,0.000,0.000,0.000,0.000,0.0000,0.0000,0.600,0.000,0.000
0.787,STOP,0.000,0.000,0.000,0.000,0.0000,0.0000,0.600,0.000,0.000
0.807,STOP,0.000,0.000,0.000,0.000,0.0000,0.0000,0.600,0.000,0.000
0.827,STOP,0.000,0.000,0.000,0.000,0.0000,0.0000,0.600,0.000,0.000
0.847,STOP,0.000,0.000,0.000,0.000,0.0000,0.0000,0.600,0.000,0.000
0.867,STOP,0.000,0.000,0.000,0.000,0.0000,0.0000,0.600,0.000,0.000
0.887,STOP,0.000,0.000,0.000,0.000,0.0000,0.0000,0.600,0.000,0.000
0.907,STOP,0.000,0.000,0.000,0.000,0.0000,0.0000,0.600,0.000,0.000
0.927,STOP,0.000,0.000,0.000,0.000,0.0000,0.0000,0.600,0.000,0.000
0.947,STOP,0.000,0.000,0.000,0.000,0.0000,0.0000,0.600,0.000,0.000
0.967,STOP,0.000,0.000,0.000,0.000,0.0000,0.0000,0.600,0.000,0.000
0.987,STOP,0.000,0.000,0.000,0.000,0.0000,0.0000,0.600,0.000,0.000
1.007,STOP,0.000,0.000,0.000,0.000,0.0000,0.0000,0.600,0.000,0.000
1.027,STOP,0.000,0.000,0.000,0.000,0.0000,0.0000,0.600,0.000,0.000
1.047,STOP,0.000,0.000,0.000,0.000,0.0000,0.0000,0.600,0.000,0.000
1.067,STOP,0.000,0.000,0.000,0.000,0.0000,0.0000,0.600,0.000,0.000
1.087,STOP,0.000,0.000,0.000,0.000,0.0000,0.0000,0.600,0.000,0.000
1.107,STOP,0.000,0.000,0.000,0.000,0.0000,0.0000,0.600,0.000,0.000
1.127,W,0.030,0.030,0.000,0.000,0.0180,0.0180,0.600,0.000,0.000
1.147,STOP,0.000,0.000,0.000,0.000,0.0000,0.0000,0.600,0.000,0.000
1.167,STOP,0.000,0.000,0.000,0.000,0.0000,0.0000,0.600,0.000,0.000
1.187,STOP,0.000,0.000,0.000,0.000,0.0000,0.0000,0.600,0.000,0.000
1.207,STOP,0.000,0.000,0.000,0.000,0.0000,0.0000,0.600,0.000,0.000
1.227,STOP,0.000,0.000,0.000,0.000,0.0000,0.0000,0.600,0.000,0.000
1.247,STOP,0.000,0.000,0.000,0.000,0.0000,0.0000,0.600,0.000,0.000
1.267,STOP,0.000,0.000,0.000,0.000,0.0000,0.0000,0.600,0.000,0.000
1.287,STOP,0.000,0.000,0.000,0.000,0.0000,0.0000,0.600,0.000,0.000
1.307,STOP,0.000,0.000,0.000,0.000,0.0000,0.0000,0.600,0.000,0.000
1.327,STOP,0.000,0.000,0.000,0.000,0.0000,0.0000,0.600,0.000,0.000
1.347,STOP,0.000,0.000,0.000,0.000,0.0000,0.0000,0.600,0.000,0.000
1.367,STOP,0.000,0.000,0.000,0.000,0.0000,0.0000,0.600,0.000,0.000
1.387,STOP,0.000,0.000,0.000,0.000,0.0000,0.0000,0.600,0.000,0.000
1.407,STOP,0.000,0.000,0.000,0.000,0.0000,0.0000,0.600,0.000,0.000
1.427,STOP,0.000,0.000,0.000,0.000,0.0000,0.0000,0.600,0.000,0.000
1.447,STOP,0.000,0.000,0.000,0.000,0.0000,0.0000,0.600,0.000,0.000
1.467,STOP,0.000,0.000,0.000,0.000,0.0000,0.0000,0.600,0.000,0.000
1.487,STOP,0.000,0.000,0.000,0.000,0.0000,0.0000,0.600,0.000,0.000
1.507,STOP,0.000,0.000,0.000,0.000,0.0000,0.0000,0.600,0.000,0.000
1.527,STOP,0.000,0.000,0.000,0.000,0.0000,0.0000,0.600,0.000,0.000
1.547,STOP,0.000,0.000,0.000,0.000,0.0000,0.0000,0.600,0.000,0.000
1.567,STOP,0.000,0.000,0.000,0.000,0.0000,0.0000,0.600,0.000,0.000
1.587,STOP,0.000,0.000,0.000,0.000,0.0000,0.0000,0.600,0.000,0.000
1.607,W,0.030,0.030,0.000,0.000,0.0180,0.0180,0.600,0.000,0.000
1.627,STOP,0.000,0.000,0.000,0.000,0.0000,0.0000,0.600,0.000,0.000
1.647,STOP,0.000,0.000,0.000,0.000,0.0000,0.0000,0.600,0.000,0.000
1.667,STOP,0.000,0.000,0.000,0.000,0.0000,0.0000,0.600,0.000,0.000
1.687,STOP,0.000,0.000,0.000,0.000,0.0000,0.0000,0.600,0.000,0.000
1.707,W,0.030,0.030,0.000,0.000,0.0180,0.0180,0.600,0.000,0.000
1.727,STOP,0.000,0.000,0.000,0.000,0.0000,0.0000,0.600,0.000,0.000
1.747,STOP,0.000,0.000,0.000,0.000,0.0000,0.0000,0.600,0.000,0.000
1.767,W,0.030,0.030,0.000,0.000,0.0180,0.0180,0.600,0.000,0.000
1.787,STOP,0.000,0.000,0.000,0.000,0.0000,0.0000,0.600,0.000,0.000
1.807,STOP,0.000,0.000,0.000,0.000,0.0000,0.0000,0.600,0.000,0.000
1.827,STOP,0.000,0.000,0.000,0.000,0.0000,0.0000,0.600,0.000,0.000
1.847,STOP,0.000,0.000,0.000,0.000,0.0000,0.0000,0.600,0.000,0.000
1.867,STOP,0.000,0.000,0.000,0.000,0.0000,0.0000,0.600,0.000,0.000
1.887,STOP,0.000,0.000,0.000,0.000,0.0000,0.0000,0.600,0.000,0.000
1.907,STOP,0.000,0.000,0.000,0.000,0.0000,0.0000,0.600,0.000,0.000
1.927,STOP,0.000,0.000,0.000,0.000,0.0000,0.0000,0.600,0.000,0.000
1.947,STOP,0.000,0.000,0.000,0.000,0.0000,0.0000,0.600,0.000,0.000
1.967,STOP,0.000,0.000,0.000,0.000,0.0000,0.0000,0.600,0.000,0.000
1.987,W,0.030,0.030,0.000,0.000,0.0180,0.0180,0.600,0.000,0.000
2.008,STOP,0.000,0.000,0.000,0.000,0.0000,0.0000,0.600,0.000,0.000
2.027,STOP,0.000,0.000,0.000,0.000,0.0000,0.0000,0.600,0.000,0.000
2.047,STOP,0.000,0.000,0.000,0.000,0.0000,0.0000,0.600,0.000,0.000
2.067,STOP,0.000,0.000,0.000,0.000,0.0000,0.0000,0.600,0.000,0.000
2.087,STOP,0.000,0.000,0.000,0.000,0.0000,0.0000,0.600,0.000,0.000
2.107,STOP,0.000,0.000,0.000,0.000,0.0000,0.0000,0.600,0.000,0.000
2.127,STOP,0.000,0.000,0.000,0.000,0.0000,0.0000,0.600,0.000,0.000
2.147,STOP,0.000,0.000,0.000,0.000,0.0000,0.0000,0.600,0.000,0.000
2.167,STOP,0.000,0.000,0.000,0.000,0.0000,0.0000,0.600,0.000,0.000
2.187,STOP,0.000,0.000,0.000,0.000,0.0000,0.0000,0.600,0.000,0.000
2.207,STOP,0.000,0.000,0.000,0.000,0.0000,0.0000,0.600,0.000,0.000
2.227,STOP,0.000,0.000,0.000,0.000,0.0000,0.0000,0.600,0.000,0.000
2.247,STOP,0.000,0.000,0.000,0.000,0.0000,0.0000,0.600,0.000,0.000
2.267,STOP,0.000,0.000,0.000,0.000,0.0000,0.0000,0.600,0.000,0.000
2.287,STOP,0.000,0.000,0.000,0.000,0.0000,0.0000,0.600,0.000,0.000
2.307,STOP,0.000,0.000,0.000,0.000,0.0000,0.0000,0.600,0.000,0.000
2.327,STOP,0.000,0.000,0.000,0.000,0.0000,0.0000,0.600,0.000,0.000
2.347,STOP,0.000,0.000,0.000,0.000,0.0000,0.0000,0.600,0.000,0.000
2.367,STOP,0.000,0.000,0.000,0.000,0.0000,0.0000,0.600,0.000,0.000
2.387,STOP,0.000,0.000,0.000,0.000,0.0000,0.0000,0.600,0.000,0.000
2.407,STOP,0.000,0.000,0.000,0.000,0.0000,0.0000,0.600,0.000,0.000
2.427,STOP,0.000,0.000,0.000,0.000,0.0000,0.0000,0.600,0.000,0.000
2.447,STOP,0.000,0.000,0.000,0.000,0.0000,0.0000,0.600,0.000,0.000
2.467,STOP,0.000,0.000,0.000,0.000,0.0000,0.0000,0.600,0.000,0.000
2.487,STOP,0.000,0.000,0.000,0.000,0.0000,0.0000,0.600,0.000,0.000
2.507,S,-0.030,-0.030,0.000,0.000,-0.0180,-0.0180,0.600,0.000,0.000
2.528,STOP,0.000,0.000,0.000,0.000,0.0000,0.0000,0.600,0.000,0.000
2.547,STOP,0.000,0.000,0.000,0.000,0.0000,0.0000,0.600,0.000,0.000
2.567,STOP,0.000,0.000,0.000,0.000,0.0000,0.0000,0.600,0.000,0.000
2.587,STOP,0.000,0.000,0.000,0.000,0.0000,0.0000,0.600,0.000,0.000
2.607,STOP,0.000,0.000,0.000,0.000,0.0000,0.0000,0.600,0.000,0.000
2.627,STOP,0.000,0.000,0.000,0.000,0.0000,0.0000,0.600,0.000,0.000
2.647,STOP,0.000,0.000,0.000,0.000,0.0000,0.0000,0.600,0.000,0.000
2.667,STOP,0.000,0.000,0.000,0.000,0.0000,0.0000,0.600,0.000,0.000
2.687,STOP,0.000,0.000,0.000,0.000,0.0000,0.0000,0.600,0.000,0.000
2.707,STOP,0.000,0.000,0.000,0.000,0.0000,0.0000,0.600,0.000,0.000
2.727,STOP,0.000,0.000,0.000,0.000,0.0000,0.0000,0.600,0.000,0.000
2.747,STOP,0.000,0.000,0.000,0.000,0.0000,0.0000,0.600,0.000,0.000
2.767,STOP,0.000,0.000,0.000,0.000,0.0000,0.0000,0.600,0.000,0.000
2.787,STOP,0.000,0.000,0.000,0.000,0.0000,0.0000,0.600,0.000,0.000
2.807,STOP,0.000,0.000,0.000,0.000,0.0000,0.0000,0.600,0.000,0.000
2.827,STOP,0.000,0.000,0.000,0.000,0.0000,0.0000,0.600,0.000,0.000
2.847,STOP,0.000,0.000,0.000,0.000,0.0000,0.0000,0.600,0.000,0.000
2.867,STOP,0.000,0.000,0.000,0.000,0.0000,0.0000,0.600,0.000,0.000
2.887,STOP,0.000,0.000,0.000,0.000,0.0000,0.0000,0.600,0.000,0.000
2.907,STOP,0.000,0.000,0.000,0.000,0.0000,0.0000,0.600,0.000,0.000
2.927,STOP,0.000,0.000,0.000,0.000,0.0000,0.0000,0.600,0.000,0.000
2.947,STOP,0.000,0.000,0.000,0.000,0.0000,0.0000,0.600,0.000,0.000
2.967,STOP,0.000,0.000,0.000,0.000,0.0000,0.0000,0.600,0.000,0.000
2.987,STOP,0.000,0.000,0.000,0.000,0.0000,0.0000,0.600,0.000,0.000
3.007,STOP,0.000,0.000,0.000,0.000,0.0000,0.0000,0.600,0.000,0.000
3.027,STOP,0.000,0.000,0.000,0.000,0.0000,0.0000,0.600,0.000,0.000
3.047,STOP,0.000,0.000,0.000,0.000,0.0000,0.0000,0.600,0.000,0.000
3.067,STOP,0.000,0.000,0.000,0.000,0.0000,0.0000,0.600,0.000,0.000
3.087,STOP,0.000,0.000,0.000,0.000,0.0000,0.0000,0.600,0.000,0.000
3.107,D,0.030,-0.030,0.000,0.000,0.0180,-0.0180,0.600,0.000,0.000
3.127,STOP,0.000,0.000,0.000,0.000,0.0000,0.0000,0.600,0.000,0.000
3.147,STOP,0.000,0.000,0.000,0.000,0.0000,0.0000,0.600,0.000,0.000
3.167,STOP,0.000,0.000,0.000,0.000,0.0000,0.0000,0.600,0.000,0.000
3.187,STOP,0.000,0.000,0.000,0.000,0.0000,0.0000,0.600,0.000,0.000
3.207,STOP,0.000,0.000,0.000,0.000,0.0000,0.0000,0.600,0.000,0.000
3.227,STOP,0.000,0.000,0.000,0.000,0.0000,0.0000,0.600,0.000,0.000
3.247,STOP,0.000,0.000,0.000,0.000,0.0000,0.0000,0.600,0.000,0.000
3.267,STOP,0.000,0.000,0.000,0.000,0.0000,0.0000,0.600,0.000,0.000
3.287,STOP,0.000,0.000,0.000,0.000,0.0000,0.0000,0.600,0.000,0.000
3.307,STOP,0.000,0.000,0.000,0.000,0.0000,0.0000,0.600,0.000,0.000
3.327,STOP,0.000,0.000,0.000,0.000,0.0000,0.0000,0.600,0.000,0.000
3.347,STOP,0.000,0.000,0.000,0.000,0.0000,0.0000,0.600,0.000,0.000
3.367,STOP,0.000,0.000,0.000,0.000,0.0000,0.0000,0.600,0.000,0.000
3.387,STOP,0.000,0.000,0.000,0.000,0.0000,0.0000,0.600,0.000,0.000
3.407,STOP,0.000,0.000,0.000,0.000,0.0000,0.0000,0.600,0.000,0.000
3.427,STOP,0.000,0.000,0.000,0.000,0.0000,0.0000,0.600,0.000,0.000
3.447,STOP,0.000,0.000,0.000,0.000,0.0000,0.0000,0.600,0.000,0.000
3.467,STOP,0.000,0.000,0.000,0.000,0.0000,0.0000,0.600,0.000,0.000
3.487,STOP,0.000,0.000,0.000,0.000,0.0000,0.0000,0.600,0.000,0.000
3.507,STOP,0.000,0.000,0.000,0.000,0.0000,0.0000,0.600,0.000,0.000
3.527,STOP,0.000,0.000,0.000,0.000,0.0000,0.0000,0.600,0.000,0.000
3.547,STOP,0.000,0.000,0.000,0.000,0.0000,0.0000,0.600,0.000,0.000
3.567,STOP,0.000,0.000,0.000,0.000,0.0000,0.0000,0.600,0.000,0.000
3.587,STOP,0.000,0.000,0.000,0.000,0.0000,0.0000,0.600,0.000,0.000
3.607,STOP,0.000,0.000,0.000,0.000,0.0000,0.0000,0.600,0.000,0.000
3.627,STOP,0.000,0.000,0.000,0.000,0.0000,0.0000,0.600,0.000,0.000
3.647,STOP,0.000,0.000,0.000,0.000,0.0000,0.0000,0.600,0.000,0.000
3.667,STOP,0.000,0.000,0.000,0.000,0.0000,0.0000,0.600,0.000,0.000
3.687,STOP,0.000,0.000,0.000,0.000,0.0000,0.0000,0.600,0.000,0.000
3.707,STOP,0.000,0.000,0.000,0.000,0.0000,0.0000,0.600,0.000,0.000
3.727,A,-0.030,0.030,0.000,0.000,-0.0180,0.0180,0.600,0.000,0.000
3.748,STOP,0.000,0.000,0.000,0.000,0.0000,0.0000,0.600,0.000,0.000
3.767,STOP,0.000,0.000,0.000,0.000,0.0000,0.0000,0.600,0.000,0.000
3.787,STOP,0.000,0.000,0.000,0.000,0.0000,0.0000,0.600,0.000,0.000
3.807,STOP,0.000,0.000,0.000,0.000,0.0000,0.0000,0.600,0.000,0.000
3.827,STOP,0.000,0.000,0.000,0.000,0.0000,0.0000,0.600,0.000,0.000
3.847,STOP,0.000,0.000,0.000,0.000,0.0000,0.0000,0.600,0.000,0.000
3.867,STOP,0.000,0.000,0.000,0.000,0.0000,0.0000,0.600,0.000,0.000
3.887,STOP,0.000,0.000,0.000,0.000,0.0000,0.0000,0.600,0.000,0.000
3.907,STOP,0.000,0.000,0.000,0.000,0.0000,0.0000,0.600,0.000,0.000
3.927,STOP,0.000,0.000,0.000,0.000,0.0000,0.0000,0.600,0.000,0.000
3.947,STOP,0.000,0.000,0.000,0.000,0.0000,0.0000,0.600,0.000,0.000
3.967,STOP,0.000,0.000,0.000,0.000,0.0000,0.0000,0.600,0.000,0.000
3.987,STOP,0.000,0.000,0.000,0.000,0.0000,0.0000,0.600,0.000,0.000
4.007,STOP,0.000,0.000,0.000,0.000,0.0000,0.0000,0.600,0.000,0.000
4.027,STOP,0.000,0.000,0.000,0.000,0.0000,0.0000,0.600,0.000,0.000
4.047,STOP,0.000,0.000,0.000,0.000,0.0000,0.0000,0.600,0.000,0.000
4.067,STOP,0.000,0.000,0.000,0.000,0.0000,0.0000,0.600,0.000,0.000
4.087,STOP,0.000,0.000,0.000,0.000,0.0000,0.0000,0.600,0.000,0.000
4.107,STOP,0.000,0.000,0.000,0.000,0.0000,0.0000,0.600,0.000,0.000
4.127,STOP,0.000,0.000,0.000,0.000,0.0000,0.0000,0.600,0.000,0.000
4.147,STOP,0.000,0.000,0.000,0.000,0.0000,0.0000,0.600,0.000,0.000
4.167,STOP,0.000,0.000,0.000,0.000,0.0000,0.0000,0.600,0.000,0.000
4.187,STOP,0.000,0.000,0.000,0.000,0.0000,0.0000,0.600,0.000,0.000
4.207,STOP,0.000,0.000,0.000,0.000,0.0000,0.0000,0.600,0.000,0.000
4.227,STOP,0.000,0.000,0.000,0.000,0.0000,0.0000,0.600,0.000,0.000
4.248,STOP,0.000,0.000,0.000,0.000,0.0000,0.0000,0.600,0.000,0.000
4.268,STOP,0.000,0.000,0.000,0.000,0.0000,0.0000,0.600,0.000,0.000
4.288,STOP,0.000,0.000,0.000,0.000,0.0000,0.0000,0.600,0.000,0.000
4.308,STOP,0.000,0.000,0.000,0.000,0.0000,0.0000,0.600,0.000,0.000
4.328,STOP,0.000,0.000,0.000,0.000,0.0000,0.0000,0.600,0.000,0.000
4.348,STOP,0.000,0.000,0.000,0.000,0.0000,0.0000,0.600,0.000,0.000
4.368,STOP,0.000,0.000,0.000,0.000,0.0000,0.0000,0.600,0.000,0.000
4.388,STOP,0.000,0.000,0.000,0.000,0.0000,0.0000,0.600,0.000,0.000
4.408,STOP,0.000,0.000,0.000,0.000,0.0000,0.0000,0.600,0.000,0.000
4.428,STOP,0.000,0.000,0.000,0.000,0.0000,0.0000,0.600,0.000,0.000
4.448,STOP,0.000,0.000,0.000,0.000,0.0000,0.0000,0.600,0.000,0.000
4.468,STOP,0.000,0.000,0.000,0.000,0.0000,0.0000,0.600,0.000,0.000
4.488,STOP,0.000,0.000,0.000,0.000,0.0000,0.0000,0.600,0.000,0.000
4.508,STOP,0.000,0.000,0.000,0.000,0.0000,0.0000,0.600,0.000,0.000
4.528,STOP,0.000,0.000,0.000,0.000,0.0000,0.0000,0.600,0.000,0.000
4.548,STOP,0.000,0.000,0.000,0.000,0.0000,0.0000,0.600,0.000,0.000
4.568,STOP,0.000,0.000,0.000,0.000,0.0000,0.0000,0.600,0.000,0.000
4.588,STOP,0.000,0.000,0.000,0.000,0.0000,0.0000,0.600,0.000,0.000
4.608,STOP,0.000,0.000,0.000,0.000,0.0000,0.0000,0.600,0.000,0.000
4.628,STOP,0.000,0.000,0.000,0.000,0.0000,0.0000,0.600,0.000,0.000
4.648,STOP,0.000,0.000,0.000,0.000,0.0000,0.0000,0.600,0.000,0.000
4.668,STOP,0.000,0.000,0.000,0.000,0.0000,0.0000,0.600,0.000,0.000
4.688,STOP,0.000,0.000,0.000,0.000,0.0000,0.0000,0.600,0.000,0.000
4.708,STOP,0.000,0.000,0.000,0.000,0.0000,0.0000,0.600,0.000,0.000
4.728,STOP,0.000,0.000,0.000,0.000,0.0000,0.0000,0.600,0.000,0.000
4.748,STOP,0.000,0.000,0.000,0.000,0.0000,0.0000,0.600,0.000,0.000
4.768,STOP,0.000,0.000,0.000,0.000,0.0000,0.0000,0.600,0.000,0.000
4.788,STOP,0.000,0.000,0.000,0.000,0.0000,0.0000,0.600,0.000,0.000
4.808,STOP,0.000,0.000,0.000,0.000,0.0000,0.0000,0.600,0.000,0.000
4.828,STOP,0.000,0.000,0.000,0.000,0.0000,0.0000,0.600,0.000,0.000
4.848,STOP,0.000,0.000,0.000,0.000,0.0000,0.0000,0.600,0.000,0.000
4.868,STOP,0.000,0.000,0.000,0.000,0.0000,0.0000,0.600,0.000,0.000
4.888,STOP,0.000,0.000,0.000,0.000,0.0000,0.0000,0.600,0.000,0.000
4.908,STOP,0.000,0.000,0.000,0.000,0.0000,0.0000,0.600,0.000,0.000
4.928,STOP,0.000,0.000,0.000,0.000,0.0000,0.0000,0.600,0.000,0.000
4.948,STOP,0.000,0.000,0.000,0.000,0.0000,0.0000,0.600,0.000,0.000
4.968,STOP,0.000,0.000,0.000,0.000,0.0000,0.0000,0.600,0.000,0.000
4.988,STOP,0.000,0.000,0.000,0.000,0.0000,0.0000,0.600,0.000,0.000
5.008,STOP,0.000,0.000,0.000,0.000,0.0000,0.0000,0.600,0.000,0.000
5.028,STOP,0.000,0.000,0.000,0.000,0.0000,0.0000,0.600,0.000,0.000
5.048,STOP,0.000,0.000,0.000,0.000,0.0000,0.0000,0.600,0.000,0.000
5.068,STOP,0.000,0.000,0.000,0.000,0.0000,0.0000,0.600,0.000,0.000
5.088,STOP,0.000,0.000,0.000,0.000,0.0000,0.0000,0.600,0.000,0.000
5.108,STOP,0.000,0.000,0.000,0.000,0.0000,0.0000,0.600,0.000,0.000
5.128,STOP,0.000,0.000,0.000,0.000,0.0000,0.0000,0.600,0.000,0.000
5.148,STOP,0.000,0.000,0.000,0.000,0.0000,0.0000,0.600,0.000,0.000
5.168,STOP,0.000,0.000,0.000,0.000,0.0000,0.0000,0.600,0.000,0.000
5.188,STOP,0.000,0.000,0.000,0.000,0.0000,0.0000,0.600,0.000,0.000
5.208,STOP,0.000,0.000,0.000,0.000,0.0000,0.0000,0.600,0.000,0.000
5.228,STOP,0.000,0.000,0.000,0.000,0.0000,0.0000,0.600,0.000,0.000
5.248,STOP,0.000,0.000,0.000,0.000,0.0000,0.0000,0.600,0.000,0.000
5.268,STOP,0.000,0.000,0.000,0.000,0.0000,0.0000,0.600,0.000,0.000
5.288,STOP,0.000,0.000,0.000,0.000,0.0000,0.0000,0.600,0.000,0.000
5.308,STOP,0.000,0.000,0.000,0.000,0.0000,0.0000,0.600,0.000,0.000
5.328,STOP,0.000,0.000,0.000,0.000,0.0000,0.0000,0.600,0.000,0.000
5.348,STOP,0.000,0.000,0.000,0.000,0.0000,0.0000,0.600,0.000,0.000
5.368,STOP,0.000,0.000,0.000,0.000,0.0000,0.0000,0.600,0.000,0.000
5.388,STOP,0.000,0.000,0.000,0.000,0.0000,0.0000,0.600,0.000,0.000
5.408,STOP,0.000,0.000,0.000,0.000,0.0000,0.0000,0.600,0.000,0.000
5.428,STOP,0.000,0.000,0.000,0.000,0.0000,0.0000,0.600,0.000,0.000
5.448,STOP,0.000,0.000,0.000,0.000,0.0000,0.0000,0.600,0.000,0.000
5.468,STOP,0.000,0.000,0.000,0.000,0.0000,0.0000,0.600,0.000,0.000
5.488,STOP,0.000,0.000,0.000,0.000,0.0000,0.0000,0.600,0.000,0.000
5.508,STOP,0.000,0.000,0.000,0.000,0.0000,0.0000,0.600,0.000,0.000
5.528,STOP,0.000,0.000,0.000,0.000,0.0000,0.0000,0.600,0.000,0.000
5.548,STOP,0.000,0.000,0.000,0.000,0.0000,0.0000,0.600,0.000,0.000
5.568,STOP,0.000,0.000,0.000,0.000,0.0000,0.0000,0.600,0.000,0.000
5.588,STOP,0.000,0.000,0.000,0.000,0.0000,0.0000,0.600,0.000,0.000
5.608,STOP,0.000,0.000,0.000,0.000,0.0000,0.0000,0.600,0.000,0.000
5.628,STOP,0.000,0.000,0.000,0.000,0.0000,0.0000,0.600,0.000,0.000
5.648,STOP,0.000,0.000,0.000,0.000,0.0000,0.0000,0.600,0.000,0.000
5.668,STOP,0.000,0.000,0.000,0.000,0.0000,0.0000,0.600,0.000,0.000
5.688,STOP,0.000,0.000,0.000,0.000,0.0000,0.0000,0.600,0.000,0.000
5.708,STOP,0.000,0.000,0.000,0.000,0.0000,0.0000,0.600,0.000,0.000
5.728,STOP,0.000,0.000,0.000,0.000,0.0000,0.0000,0.600,0.000,0.000
5.748,STOP,0.000,0.000,0.000,0.000,0.0000,0.0000,0.600,0.000,0.000
5.768,STOP,0.000,0.000,0.000,0.000,0.0000,0.0000,0.600,0.000,0.000
5.788,STOP,0.000,0.000,0.000,0.000,0.0000,0.0000,0.600,0.000,0.000
5.808,STOP,0.000,0.000,0.000,0.000,0.0000,0.0000,0.600,0.000,0.000
5.828,STOP,0.000,0.000,0.000,0.000,0.0000,0.0000,0.600,0.000,0.000
5.848,STOP,0.000,0.000,0.000,0.000,0.0000,0.0000,0.600,0.000,0.000
5.868,STOP,0.000,0.000,0.000,0.000,0.0000,0.0000,0.600,0.000,0.000
5.888,STOP,0.000,0.000,0.000,0.000,0.0000,0.0000,0.600,0.000,0.000
5.908,STOP,0.000,0.000,0.000,0.000,0.0000,0.0000,0.600,0.000,0.000
5.928,STOP,0.000,0.000,0.000,0.000,0.0000,0.0000,0.600,0.000,0.000
5.948,STOP,0.000,0.000,0.000,0.000,0.0000,0.0000,0.600,0.000,0.000
5.968,STOP,0.000,0.000,0.000,0.000,0.0000,0.0000,0.600,0.000,0.000
5.988,STOP,0.000,0.000,0.000,0.000,0.0000,0.0000,0.600,0.000,0.000
6.008,STOP,0.000,0.000,0.000,0.000,0.0000,0.0000,0.600,0.000,0.000
6.028,STOP,0.000,0.000,0.000,0.000,0.0000,0.0000,0.600,0.000,0.000
6.048,STOP,0.000,0.000,0.000,0.000,0.0000,0.0000,0.600,0.000,0.000
6.068,STOP,0.000,0.000,0.000,0.000,0.0000,0.0000,0.600,0.000,0.000
6.088,STOP,0.000,0.000,0.000,0.000,0.0000,0.0000,0.600,0.000,0.000
6.108,STOP,0.000,0.000,0.000,0.000,0.0000,0.0000,0.600,0.000,0.000
6.128,STOP,0.000,0.000,0.000,0.000,0.0000,0.0000,0.600,0.000,0.000
6.148,STOP,0.000,0.000,0.000,0.000,0.0000,0.0000,0.600,0.000,0.000
6.168,STOP,0.000,0.000,0.000,0.000,0.0000,0.0000,0.600,0.000,0.000
6.188,STOP,0.000,0.000,0.000,0.000,0.0000,0.0000,0.600,0.000,0.000
6.208,STOP,0.000,0.000,0.000,0.000,0.0000,0.0000,0.600,0.000,0.000
6.228,STOP,0.000,0.000,0.000,0.000,0.0000,0.0000,0.600,0.000,0.000
6.248,STOP,0.000,0.000,0.000,0.000,0.0000,0.0000,0.600,0.000,0.000
6.268,STOP,0.000,0.000,0.000,0.000,0.0000,0.0000,0.600,0.000,0.000
6.288,STOP,0.000,0.000,0.000,0.000,0.0000,0.0000,0.600,0.000,0.000
6.308,STOP,0.000,0.000,0.000,0.000,0.0000,0.0000,0.600,0.000,0.000
6.328,STOP,0.000,0.000,0.000,0.000,0.0000,0.0000,0.600,0.000,0.000
6.348,STOP,0.000,0.000,0.000,0.000,0.0000,0.0000,0.600,0.000,0.000
6.368,STOP,0.000,0.000,0.000,0.000,0.0000,0.0000,0.600,0.000,0.000
6.388,STOP,0.000,0.000,0.000,0.000,0.0000,0.0000,0.600,0.000,0.000
6.408,STOP,0.000,0.000,0.000,0.000,0.0000,0.0000,0.600,0.000,0.000
6.428,STOP,0.000,0.000,0.000,0.000,0.0000,0.0000,0.600,0.000,0.000
6.448,STOP,0.000,0.000,0.000,0.000,0.0000,0.0000,0.600,0.000,0.000
6.468,STOP,0.000,0.000,0.000,0.000,0.0000,0.0000,0.600,0.000,0.000
6.488,STOP,0.000,0.000,0.000,0.000,0.0000,0.0000,0.600,0.000,0.000
6.508,STOP,0.000,0.000,0.000,0.000,0.0000,0.0000,0.600,0.000,0.000
6.528,STOP,0.000,0.000,0.000,0.000,0.0000,0.0000,0.600,0.000,0.000
6.548,STOP,0.000,0.000,0.000,0.000,0.0000,0.0000,0.600,0.000,0.000
6.568,STOP,0.000,0.000,0.000,0.000,0.0000,0.0000,0.600,0.000,0.000
6.588,STOP,0.000,0.000,0.000,0.000,0.0000,0.0000,0.600,0.000,0.000
6.608,STOP,0.000,0.000,0.000,0.000,0.0000,0.0000,0.600,0.000,0.000
6.628,STOP,0.000,0.000,0.000,0.000,0.0000,0.0000,0.600,0.000,0.000
6.648,STOP,0.000,0.000,0.000,0.000,0.0000,0.0000,0.600,0.000,0.000
6.668,STOP,0.000,0.000,0.000,0.000,0.0000,0.0000,0.600,0.000,0.000
6.688,STOP,0.000,0.000,0.000,0.000,0.0000,0.0000,0.600,0.000,0.000
6.708,STOP,0.000,0.000,0.000,0.000,0.0000,0.0000,0.600,0.000,0.000
6.728,STOP,0.000,0.000,0.000,0.000,0.0000,0.0000,0.600,0.000,0.000
6.748,STOP,0.000,0.000,0.000,0.000,0.0000,0.0000,0.600,0.000,0.000
6.768,STOP,0.000,0.000,0.000,0.000,0.0000,0.0000,0.600,0.000,0.000
6.788,STOP,0.000,0.000,0.000,0.000,0.0000,0.0000,0.600,0.000,0.000
6.808,STOP,0.000,0.000,0.000,0.000,0.0000,0.0000,0.600,0.000,0.000
6.828,STOP,0.000,0.000,0.000,0.000,0.0000,0.0000,0.600,0.000,0.000
6.848,STOP,0.000,0.000,0.000,0.000,0.0000,0.0000,0.600,0.000,0.000
6.868,STOP,0.000,0.000,0.000,0.000,0.0000,0.0000,0.600,0.000,0.000
6.888,STOP,0.000,0.000,0.000,0.000,0.0000,0.0000,0.600,0.000,0.000
6.908,STOP,0.000,0.000,0.000,0.000,0.0000,0.0000,0.600,0.000,0.000
6.928,STOP,0.000,0.000,0.000,0.000,0.0000,0.0000,0.600,0.000,0.000
6.948,STOP,0.000,0.000,0.000,0.000,0.0000,0.0000,0.600,0.000,0.000
6.968,STOP,0.000,0.000,0.000,0.000,0.0000,0.0000,0.600,0.000,0.000
6.988,STOP,0.000,0.000,0.000,0.000,0.0000,0.0000,0.600,0.000,0.000
7.008,STOP,0.000,0.000,0.000,0.000,0.0000,0.0000,0.600,0.000,0.000
7.028,STOP,0.000,0.000,0.000,0.000,0.0000,0.0000,0.600,0.000,0.000
7.048,STOP,0.000,0.000,0.000,0.000,0.0000,0.0000,0.600,0.000,0.000
7.068,STOP,0.000,0.000,0.000,0.000,0.0000,0.0000,0.600,0.000,0.000
7.088,STOP,0.000,0.000,0.000,0.000,0.0000,0.0000,0.600,0.000,0.000
7.108,STOP,0.000,0.000,0.000,0.000,0.0000,0.0000,0.600,0.000,0.000
7.128,W,0.030,0.030,0.000,0.000,0.0180,0.0180,0.600,0.000,0.000
7.148,STOP,0.000,0.000,0.000,0.000,0.0000,0.0000,0.600,0.000,0.000
7.168,STOP,0.000,0.000,0.000,0.000,0.0000,0.0000,0.600,0.000,0.000
7.188,STOP,0.000,0.000,0.000,0.000,0.0000,0.0000,0.600,0.000,0.000
7.208,STOP,0.000,0.000,0.000,0.000,0.0000,0.0000,0.600,0.000,0.000
7.228,STOP,0.000,0.000,0.000,0.000,0.0000,0.0000,0.600,0.000,0.000
7.248,STOP,0.000,0.000,0.000,0.000,0.0000,0.0000,0.600,0.000,0.000
7.268,STOP,0.000,0.000,0.000,0.000,0.0000,0.0000,0.600,0.000,0.000
7.288,STOP,0.000,0.000,0.000,0.000,0.0000,0.0000,0.600,0.000,0.000
7.308,STOP,0.000,0.000,0.000,0.000,0.0000,0.0000,0.600,0.000,0.000
7.328,STOP,0.000,0.000,0.000,0.000,0.0000,0.0000,0.600,0.000,0.000
7.348,STOP,0.000,0.000,0.000,0.000,0.0000,0.0000,0.600,0.000,0.000
7.368,STOP,0.000,0.000,0.000,0.000,0.0000,0.0000,0.600,0.000,0.000
7.388,D,0.030,-0.030,0.000,0.000,0.0180,-0.0180,0.600,0.000,0.000
7.408,STOP,0.000,0.000,0.000,0.000,0.0000,0.0000,0.600,0.000,0.000
7.428,STOP,0.000,0.000,0.000,0.000,0.0000,0.0000,0.600,0.000,0.000
7.448,STOP,0.000,0.000,0.000,0.000,0.0000,0.0000,0.600,0.000,0.000
7.468,STOP,0.000,0.000,0.000,0.000,0.0000,0.0000,0.600,0.000,0.000
7.488,STOP,0.000,0.000,0.000,0.000,0.0000,0.0000,0.600,0.000,0.000
7.508,STOP,0.000,0.000,0.000,0.000,0.0000,0.0000,0.600,0.000,0.000
7.528,STOP,0.000,0.000,0.000,0.000,0.0000,0.0000,0.600,0.000,0.000
7.548,STOP,0.000,0.000,0.000,0.000,0.0000,0.0000,0.600,0.000,0.000
7.568,STOP,0.000,0.000,0.000,0.000,0.0000,0.0000,0.600,0.000,0.000
7.588,STOP,0.000,0.000,0.000,0.000,0.0000,0.0000,0.600,0.000,0.000
7.608,STOP,0.000,0.000,0.000,0.000,0.0000,0.0000,0.600,0.000,0.000
7.628,W,0.030,0.030,0.000,0.000,0.0180,0.0180,0.600,0.000,0.000
7.648,STOP,0.000,0.000,0.000,0.000,0.0000,0.0000,0.600,0.000,0.000
7.668,STOP,0.000,0.000,0.000,0.000,0.0000,0.0000,0.600,0.000,0.000
7.688,STOP,0.000,0.000,0.000,0.000,0.0000,0.0000,0.600,0.000,0.000
7.708,STOP,0.000,0.000,0.000,0.000,0.0000,0.0000,0.600,0.000,0.000
7.728,STOP,0.000,0.000,0.000,0.000,0.0000,0.0000,0.600,0.000,0.000
7.748,STOP,0.000,0.000,0.000,0.000,0.0000,0.0000,0.600,0.000,0.000
7.768,STOP,0.000,0.000,0.000,0.000,0.0000,0.0000,0.600,0.000,0.000
7.788,STOP,0.000,0.000,0.000,0.000,0.0000,0.0000,0.600,0.000,0.000
7.808,STOP,0.000,0.000,0.000,0.000,0.0000,0.0000,0.600,0.000,0.000
7.828,STOP,0.000,0.000,0.000,0.000,0.0000,0.0000,0.600,0.000,0.000
7.848,STOP,0.000,0.000,0.000,0.000,0.0000,0.0000,0.600,0.000,0.000
7.868,STOP,0.000,0.000,0.000,0.000,0.0000,0.0000,0.600,0.000,0.000
7.888,STOP,0.000,0.000,0.000,0.000,0.0000,0.0000,0.600,0.000,0.000
7.908,STOP,0.000,0.000,0.000,0.000,0.0000,0.0000,0.600,0.000,0.000
7.928,STOP,0.000,0.000,0.000,0.000,0.0000,0.0000,0.600,0.000,0.000
7.948,STOP,0.000,0.000,0.000,0.000,0.0000,0.0000,0.600,0.000,0.000
7.968,STOP,0.000,0.000,0.000,0.000,0.0000,0.0000,0.600,0.000,0.000
7.988,STOP,0.000,0.000,0.000,0.000,0.0000,0.0000,0.600,0.000,0.000
8.008,STOP,0.000,0.000,0.000,0.000,0.0000,0.0000,0.600,0.000,0.000
8.028,STOP,0.000,0.000,0.000,0.000,0.0000,0.0000,0.600,0.000,0.000
8.048,STOP,0.000,0.000,0.000,0.000,0.0000,0.0000,0.600,0.000,0.000
8.068,STOP,0.000,0.000,0.000,0.000,0.0000,0.0000,0.600,0.000,0.000
8.088,STOP,0.000,0.000,0.000,0.000,0.0000,0.0000,0.600,0.000,0.000
8.108,STOP,0.000,0.000,0.000,0.000,0.0000,0.0000,0.600,0.000,0.000
8.128,STOP,0.000,0.000,0.000,0.000,0.0000,0.0000,0.600,0.000,0.000
8.148,STOP,0.000,0.000,0.000,0.000,0.0000,0.0000,0.600,0.000,0.000
8.168,STOP,0.000,0.000,0.000,0.000,0.0000,0.0000,0.600,0.000,0.000
8.188,STOP,0.000,0.000,0.000,0.000,0.0000,0.0000,0.600,0.000,0.000
8.208,STOP,0.000,0.000,0.000,0.000,0.0000,0.0000,0.600,0.000,0.000
8.228,STOP,0.000,0.000,0.000,0.000,0.0000,0.0000,0.600,0.000,0.000
8.248,STOP,0.000,0.000,0.000,0.000,0.0000,0.0000,0.600,0.000,0.000
8.268,STOP,0.000,0.000,0.000,0.000,0.0000,0.0000,0.600,0.000,0.000
8.288,STOP,0.000,0.000,0.000,0.000,0.0000,0.0000,0.600,0.000,0.000
8.308,STOP,0.000,0.000,0.000,0.000,0.0000,0.0000,0.600,0.000,0.000
8.328,STOP,0.000,0.000,0.000,0.000,0.0000,0.0000,0.600,0.000,0.000
8.348,STOP,0.000,0.000,0.000,0.000,0.0000,0.0000,0.600,0.000,0.000
8.368,STOP,0.000,0.000,0.000,0.000,0.0000,0.0000,0.600,0.000,0.000
8.388,STOP,0.000,0.000,0.000,0.000,0.0000,0.0000,0.600,0.000,0.000
8.408,STOP,0.000,0.000,0.000,0.000,0.0000,0.0000,0.600,0.000,0.000
8.428,STOP,0.000,0.000,0.000,0.000,0.0000,0.0000,0.600,0.000,0.000
8.448,STOP,0.000,0.000,0.000,0.000,0.0000,0.0000,0.600,0.000,0.000
8.468,STOP,0.000,0.000,0.000,0.000,0.0000,0.0000,0.600,0.000,0.000
8.488,STOP,0.000,0.000,0.000,0.000,0.0000,0.0000,0.600,0.000,0.000
8.508,STOP,0.000,0.000,0.000,0.000,0.0000,0.0000,0.600,0.000,0.000
8.528,STOP,0.000,0.000,0.000,0.000,0.0000,0.0000,0.600,0.000,0.000
8.548,STOP,0.000,0.000,0.000,0.000,0.0000,0.0000,0.600,0.000,0.000
8.568,STOP,0.000,0.000,0.000,0.000,0.0000,0.0000,0.600,0.000,0.000
8.588,STOP,0.000,0.000,0.000,0.000,0.0000,0.0000,0.600,0.000,0.000
8.608,STOP,0.000,0.000,0.000,0.000,0.0000,0.0000,0.600,0.000,0.000
8.628,STOP,0.000,0.000,0.000,0.000,0.0000,0.0000,0.600,0.000,0.000
8.648,STOP,0.000,0.000,0.000,0.000,0.0000,0.0000,0.600,0.000,0.000
8.668,STOP,0.000,0.000,0.000,0.000,0.0000,0.0000,0.600,0.000,0.000
8.688,STOP,0.000,0.000,0.000,0.000,0.0000,0.0000,0.600,0.000,0.000
8.708,STOP,0.000,0.000,0.000,0.000,0.0000,0.0000,0.600,0.000,0.000
8.728,STOP,0.000,0.000,0.000,0.000,0.0000,0.0000,0.600,0.000,0.000
8.748,STOP,0.000,0.000,0.000,0.000,0.0000,0.0000,0.600,0.000,0.000
8.768,STOP,0.000,0.000,0.000,0.000,0.0000,0.0000,0.600,0.000,0.000
8.788,STOP,0.000,0.000,0.000,0.000,0.0000,0.0000,0.600,0.000,0.000
8.808,STOP,0.000,0.000,0.000,0.000,0.0000,0.0000,0.600,0.000,0.000
8.828,STOP,0.000,0.000,0.000,0.000,0.0000,0.0000,0.600,0.000,0.000
8.848,STOP,0.000,0.000,0.000,0.000,0.0000,0.0000,0.600,0.000,0.000
8.868,STOP,0.000,0.000,0.000,0.000,0.0000,0.0000,0.600,0.000,0.000
8.888,STOP,0.000,0.000,0.000,0.000,0.0000,0.0000,0.600,0.000,0.000
8.908,STOP,0.000,0.000,0.000,0.000,0.0000,0.0000,0.600,0.000,0.000
8.928,STOP,0.000,0.000,0.000,0.000,0.0000,0.0000,0.600,0.000,0.000
8.948,STOP,0.000,0.000,0.000,0.000,0.0000,0.0000,0.600,0.000,0.000
8.968,STOP,0.000,0.000,0.000,0.000,0.0000,0.0000,0.600,0.000,0.000
8.988,STOP,0.000,0.000,0.000,0.000,0.0000,0.0000,0.600,0.000,0.000
9.008,STOP,0.000,0.000,0.000,0.000,0.0000,0.0000,0.600,0.000,0.000
9.028,STOP,0.000,0.000,0.000,0.000,0.0000,0.0000,0.600,0.000,0.000
9.048,STOP,0.000,0.000,0.000,0.000,0.0000,0.0000,0.600,0.000,0.000
9.068,STOP,0.000,0.000,0.000,0.000,0.0000,0.0000,0.600,0.000,0.000
9.088,STOP,0.000,0.000,0.000,0.000,0.0000,0.0000,0.600,0.000,0.000
9.108,STOP,0.000,0.000,0.000,0.000,0.0000,0.0000,0.600,0.000,0.000
9.128,STOP,0.000,0.000,0.000,0.000,0.0000,0.0000,0.600,0.000,0.000
9.148,STOP,0.000,0.000,0.000,0.000,0.0000,0.0000,0.600,0.000,0.000
9.168,STOP,0.000,0.000,0.000,0.000,0.0000,0.0000,0.600,0.000,0.000
9.188,STOP,0.000,0.000,0.000,0.000,0.0000,0.0000,0.600,0.000,0.000
9.208,STOP,0.000,0.000,0.000,0.000,0.0000,0.0000,0.600,0.000,0.000
9.228,STOP,0.000,0.000,0.000,0.000,0.0000,0.0000,0.600,0.000,0.000
9.248,STOP,0.000,0.000,0.000,0.000,0.0000,0.0000,0.600,0.000,0.000
9.268,STOP,0.000,0.000,0.000,0.000,0.0000,0.0000,0.600,0.000,0.000
9.288,STOP,0.000,0.000,0.000,0.000,0.0000,0.0000,0.600,0.000,0.000
9.308,STOP,0.000,0.000,0.000,0.000,0.0000,0.0000,0.600,0.000,0.000
9.328,STOP,0.000,0.000,0.000,0.000,0.0000,0.0000,0.600,0.000,0.000
9.348,STOP,0.000,0.000,0.000,0.000,0.0000,0.0000,0.600,0.000,0.000
9.368,STOP,0.000,0.000,0.000,0.000,0.0000,0.0000,0.600,0.000,0.000
9.388,STOP,0.000,0.000,0.000,0.000,0.0000,0.0000,0.600,0.000,0.000
9.408,STOP,0.000,0.000,0.000,0.000,0.0000,0.0000,0.600,0.000,0.000
9.428,STOP,0.000,0.000,0.000,0.000,0.0000,0.0000,0.600,0.000,0.000
9.448,STOP,0.000,0.000,0.000,0.000,0.0000,0.0000,0.600,0.000,0.000
9.468,STOP,0.000,0.000,0.000,0.000,0.0000,0.0000,0.600,0.000,0.000
9.488,STOP,0.000,0.000,0.000,0.000,0.0000,0.0000,0.600,0.000,0.000
9.508,STOP,0.000,0.000,0.000,0.000,0.0000,0.0000,0.600,0.000,0.000
9.528,STOP,0.000,0.000,0.000,0.000,0.0000,0.0000,0.600,0.000,0.000
9.548,STOP,0.000,0.000,0.000,0.000,0.0000,0.0000,0.600,0.000,0.000
9.568,STOP,0.000,0.000,0.000,0.000,0.0000,0.0000,0.600,0.000,0.000
9.588,STOP,0.000,0.000,0.000,0.000,0.0000,0.0000,0.600,0.000,0.000
9.608,STOP,0.000,0.000,0.000,0.000,0.0000,0.0000,0.600,0.000,0.000
9.628,STOP,0.000,0.000,0.000,0.000,0.0000,0.0000,0.600,0.000,0.000
9.648,STOP,0.000,0.000,0.000,0.000,0.0000,0.0000,0.600,0.000,0.000
9.668,STOP,0.000,0.000,0.000,0.000,0.0000,0.0000,0.600,0.000,0.000
9.688,STOP,0.000,0.000,0.000,0.000,0.0000,0.0000,0.600,0.000,0.000
9.708,STOP,0.000,0.000,0.000,0.000,0.0000,0.0000,0.600,0.000,0.000
9.728,STOP,0.000,0.000,0.000,0.000,0.0000,0.0000,0.600,0.000,0.000
9.748,STOP,0.000,0.000,0.000,0.000,0.0000,0.0000,0.600,0.000,0.000
9.768,STOP,0.000,0.000,0.000,0.000,0.0000,0.0000,0.600,0.000,0.000
9.788,STOP,0.000,0.000,0.000,0.000,0.0000,0.0000,0.600,0.000,0.000
9.808,STOP,0.000,0.000,0.000,0.000,0.0000,0.0000,0.600,0.000,0.000
9.828,STOP,0.000,0.000,0.000,0.000,0.0000,0.0000,0.600,0.000,0.000
9.848,STOP,0.000,0.000,0.000,0.000,0.0000,0.0000,0.600,0.000,0.000
9.868,STOP,0.000,0.000,0.000,0.000,0.0000,0.0000,0.600,0.000,0.000
9.888,STOP,0.000,0.000,0.000,0.000,0.0000,0.0000,0.600,0.000,0.000
9.908,STOP,0.000,0.000,0.000,0.000,0.0000,0.0000,0.600,0.000,0.000
9.928,STOP,0.000,0.000,0.000,0.000,0.0000,0.0000,0.600,0.000,0.000
9.948,STOP,0.000,0.000,0.000,0.000,0.0000,0.0000,0.600,0.000,0.000
9.968,STOP,0.000,0.000,0.000,0.000,0.0000,0.0000,0.600,0.000,0.000
9.988,STOP,0.000,0.000,0.000,0.000,0.0000,0.0000,0.600,0.000,0.000
10.008,STOP,0.000,0.000,0.000,0.000,0.0000,0.0000,0.600,0.000,0.000
10.028,STOP,0.000,0.000,0.000,0.000,0.0000,0.0000,0.600,0.000,0.000
10.048,STOP,0.000,0.000,0.000,0.000,0.0000,0.0000,0.600,0.000,0.000
10.068,STOP,0.000,0.000,0.000,0.000,0.0000,0.0000,0.600,0.000,0.000
10.088,STOP,0.000,0.000,0.000,0.000,0.0000,0.0000,0.600,0.000,0.000
10.108,STOP,0.000,0.000,0.000,0.000,0.0000,0.0000,0.600,0.000,0.000
10.128,STOP,0.000,0.000,0.000,0.000,0.0000,0.0000,0.600,0.000,0.000
10.148,STOP,0.000,0.000,0.000,0.000,0.0000,0.0000,0.600,0.000,0.000
10.168,STOP,0.000,0.000,0.000,0.000,0.0000,0.0000,0.600,0.000,0.000
10.188,STOP,0.000,0.000,0.000,0.000,0.0000,0.0000,0.600,0.000,0.000
10.208,STOP,0.000,0.000,0.000,0.000,0.0000,0.0000,0.600,0.000,0.000
10.228,STOP,0.000,0.000,0.000,0.000,0.0000,0.0000,0.600,0.000,0.000
10.248,STOP,0.000,0.000,0.000,0.000,0.0000,0.0000,0.600,0.000,0.000
10.268,STOP,0.000,0.000,0.000,0.000,0.0000,0.0000,0.600,0.000,0.000
10.288,STOP,0.000,0.000,0.000,0.000,0.0000,0.0000,0.600,0.000,0.000
10.308,STOP,0.000,0.000,0.000,0.000,0.0000,0.0000,0.600,0.000,0.000
10.328,STOP,0.000,0.000,0.000,0.000,0.0000,0.0000,0.600,0.000,0.000
10.348,STOP,0.000,0.000,0.000,0.000,0.0000,0.0000,0.600,0.000,0.000
10.368,STOP,0.000,0.000,0.000,0.000,0.0000,0.0000,0.600,0.000,0.000
10.388,STOP,0.000,0.000,0.000,0.000,0.0000,0.0000,0.600,0.000,0.000
10.408,STOP,0.000,0.000,0.000,0.000,0.0000,0.0000,0.600,0.000,0.000
10.428,STOP,0.000,0.000,0.000,0.000,0.0000,0.0000,0.600,0.000,0.000
10.448,STOP,0.000,0.000,0.000,0.000,0.0000,0.0000,0.600,0.000,0.000
10.468,STOP,0.000,0.000,0.000,0.000,0.0000,0.0000,0.600,0.000,0.000
10.488,STOP,0.000,0.000,0.000,0.000,0.0000,0.0000,0.600,0.000,0.000
10.508,STOP,0.000,0.000,0.000,0.000,0.0000,0.0000,0.600,0.000,0.000
10.528,STOP,0.000,0.000,0.000,0.000,0.0000,0.0000,0.600,0.000,0.000
10.548,STOP,0.000,0.000,0.000,0.000,0.0000,0.0000,0.600,0.000,0.000
10.568,STOP,0.000,0.000,0.000,0.000,0.0000,0.0000,0.600,0.000,0.000
10.588,STOP,0.000,0.000,0.000,0.000,0.0000,0.0000,0.600,0.000,0.000
10.608,STOP,0.000,0.000,0.000,0.000,0.0000,0.0000,0.600,0.000,0.000
10.628,STOP,0.000,0.000,0.000,0.000,0.0000,0.0000,0.600,0.000,0.000
10.648,STOP,0.000,0.000,0.000,0.000,0.0000,0.0000,0.600,0.000,0.000
10.668,STOP,0.000,0.000,0.000,0.000,0.0000,0.0000,0.600,0.000,0.000
10.688,STOP,0.000,0.000,0.000,0.000,0.0000,0.0000,0.600,0.000,0.000
10.708,STOP,0.000,0.000,0.000,0.000,0.0000,0.0000,0.600,0.000,0.000
10.728,STOP,0.000,0.000,0.000,0.000,0.0000,0.0000,0.600,0.000,0.000
10.748,STOP,0.000,0.000,0.000,0.000,0.0000,0.0000,0.600,0.000,0.000
10.768,STOP,0.000,0.000,0.000,0.000,0.0000,0.0000,0.600,0.000,0.000
10.788,STOP,0.000,0.000,0.000,0.000,0.0000,0.0000,0.600,0.000,0.000
10.808,STOP,0.000,0.000,0.000,0.000,0.0000,0.0000,0.600,0.000,0.000
10.828,STOP,0.000,0.000,0.000,0.000,0.0000,0.0000,0.600,0.000,0.000
10.848,STOP,0.000,0.000,0.000,0.000,0.0000,0.0000,0.600,0.000,0.000
10.868,STOP,0.000,0.000,0.000,0.000,0.0000,0.0000,0.600,0.000,0.000
10.888,STOP,0.000,0.000,0.000,0.000,0.0000,0.0000,0.600,0.000,0.000
10.908,STOP,0.000,0.000,0.000,0.000,0.0000,0.0000,0.600,0.000,0.000
10.928,STOP,0.000,0.000,0.000,0.000,0.0000,0.0000,0.600,0.000,0.000
10.948,STOP,0.000,0.000,0.000,0.000,0.0000,0.0000,0.600,0.000,0.000
10.968,STOP,0.000,0.000,0.000,0.000,0.0000,0.0000,0.600,0.000,0.000
10.988,STOP,0.000,0.000,0.000,0.000,0.0000,0.0000,0.600,0.000,0.000
11.008,STOP,0.000,0.000,0.000,0.000,0.0000,0.0000,0.600,0.000,0.000
11.028,STOP,0.000,0.000,0.000,0.000,0.0000,0.0000,0.600,0.000,0.000
11.048,STOP,0.000,0.000,0.000,0.000,0.0000,0.0000,0.600,0.000,0.000
11.068,STOP,0.000,0.000,0.000,0.000,0.0000,0.0000,0.600,0.000,0.000
11.088,STOP,0.000,0.000,0.000,0.000,0.0000,0.0000,0.600,0.000,0.000
11.108,STOP,0.000,0.000,0.000,0.000,0.0000,0.0000,0.600,0.000,0.000
11.128,STOP,0.000,0.000,0.000,0.000,0.0000,0.0000,0.600,0.000,0.000
11.148,STOP,0.000,0.000,0.000,0.000,0.0000,0.0000,0.600,0.000,0.000
11.168,STOP,0.000,0.000,0.000,0.000,0.0000,0.0000,0.600,0.000,0.000
11.188,STOP,0.000,0.000,0.000,0.000,0.0000,0.0000,0.600,0.000,0.000
11.208,STOP,0.000,0.000,0.000,0.000,0.0000,0.0000,0.600,0.000,0.000
11.228,STOP,0.000,0.000,0.000,0.000,0.0000,0.0000,0.600,0.000,0.000
11.248,STOP,0.000,0.000,0.000,0.000,0.0000,0.0000,0.600,0.000,0.000
11.268,STOP,0.000,0.000,0.000,0.000,0.0000,0.0000,0.600,0.000,0.000
11.288,STOP,0.000,0.000,0.000,0.000,0.0000,0.0000,0.600,0.000,0.000
11.308,STOP,0.000,0.000,0.000,0.000,0.0000,0.0000,0.600,0.000,0.000
11.328,STOP,0.000,0.000,0.000,0.000,0.0000,0.0000,0.600,0.000,0.000
11.348,STOP,0.000,0.000,0.000,0.000,0.0000,0.0000,0.600,0.000,0.000
11.368,STOP,0.000,0.000,0.000,0.000,0.0000,0.0000,0.600,0.000,0.000
11.388,STOP,0.000,0.000,0.000,0.000,0.0000,0.0000,0.600,0.000,0.000
11.408,STOP,0.000,0.000,0.000,0.000,0.0000,0.0000,0.600,0.000,0.000
11.428,STOP,0.000,0.000,0.000,0.000,0.0000,0.0000,0.600,0.000,0.000
11.448,STOP,0.000,0.000,0.000,0.000,0.0000,0.0000,0.600,0.000,0.000
11.468,STOP,0.000,0.000,0.000,0.000,0.0000,0.0000,0.600,0.000,0.000
11.487,STOP,0.000,0.000,0.000,0.000,0.0000,0.0000,0.600,0.000,0.000
11.507,STOP,0.000,0.000,0.000,0.000,0.0000,0.0000,0.600,0.000,0.000
11.527,STOP,0.000,0.000,0.000,0.000,0.0000,0.0000,0.600,0.000,0.000
11.547,STOP,0.000,0.000,0.000,0.000,0.0000,0.0000,0.600,0.000,0.000
11.567,STOP,0.000,0.000,0.000,0.000,0.0000,0.0000,0.600,0.000,0.000
11.587,STOP,0.000,0.000,0.000,0.000,0.0000,0.0000,0.600,0.000,0.000
11.607,STOP,0.000,0.000,0.000,0.000,0.0000,0.0000,0.600,0.000,0.000
11.627,STOP,0.000,0.000,0.000,0.000,0.0000,0.0000,0.600,0.000,0.000
11.647,STOP,0.000,0.000,0.000,0.000,0.0000,0.0000,0.600,0.000,0.000
11.667,STOP,0.000,0.000,0.000,0.000,0.0000,0.0000,0.600,0.000,0.000
11.687,STOP,0.000,0.000,0.000,0.000,0.0000,0.0000,0.600,0.000,0.000
11.707,STOP,0.000,0.000,0.000,0.000,0.0000,0.0000,0.600,0.000,0.000
11.727,STOP,0.000,0.000,0.000,0.000,0.0000,0.0000,0.600,0.000,0.000
11.747,STOP,0.000,0.000,0.000,0.000,0.0000,0.0000,0.600,0.000,0.000
11.767,STOP,0.000,0.000,0.000,0.000,0.0000,0.0000,0.600,0.000,0.000
11.787,STOP,0.000,0.000,0.000,0.000,0.0000,0.0000,0.600,0.000,0.000
11.807,STOP,0.000,0.000,0.000,0.000,0.0000,0.0000,0.600,0.000,0.000
11.827,STOP,0.000,0.000,0.000,0.000,0.0000,0.0000,0.600,0.000,0.000
11.847,STOP,0.000,0.000,0.000,0.000,0.0000,0.0000,0.600,0.000,0.000
11.867,STOP,0.000,0.000,0.000,0.000,0.0000,0.0000,0.600,0.000,0.000
11.887,STOP,0.000,0.000,0.000,0.000,0.0000,0.0000,0.600,0.000,0.000
11.907,STOP,0.000,0.000,0.000,0.000,0.0000,0.0000,0.600,0.000,0.000
11.927,STOP,0.000,0.000,0.000,0.000,0.0000,0.0000,0.600,0.000,0.000
11.947,STOP,0.000,0.000,0.000,0.000,0.0000,0.0000,0.600,0.000,0.000
11.967,STOP,0.000,0.000,0.000,0.000,0.0000,0.0000,0.600,0.000,0.000
11.987,STOP,0.000,0.000,0.000,0.000,0.0000,0.0000,0.600,0.000,0.000
12.007,STOP,0.000,0.000,0.000,0.000,0.0000,0.0000,0.600,0.000,0.000
12.027,STOP,0.000,0.000,0.000,0.000,0.0000,0.0000,0.600,0.000,0.000
12.047,STOP,0.000,0.000,0.000,0.000,0.0000,0.0000,0.600,0.000,0.000
12.067,STOP,0.000,0.000,0.000,0.000,0.0000,0.0000,0.600,0.000,0.000
12.087,STOP,0.000,0.000,0.000,0.000,0.0000,0.0000,0.600,0.000,0.000
12.107,STOP,0.000,0.000,0.000,0.000,0.0000,0.0000,0.600,0.000,0.000
12.127,STOP,0.000,0.000,0.000,0.000,0.0000,0.0000,0.600,0.000,0.000
12.147,STOP,0.000,0.000,0.000,0.000,0.0000,0.0000,0.600,0.000,0.000
12.167,STOP,0.000,0.000,0.000,0.000,0.0000,0.0000,0.600,0.000,0.000
12.187,STOP,0.000,0.000,0.000,0.000,0.0000,0.0000,0.600,0.000,0.000
12.207,STOP,0.000,0.000,0.000,0.000,0.0000,0.0000,0.600,0.000,0.000
12.227,STOP,0.000,0.000,0.000,0.000,0.0000,0.0000,0.600,0.000,0.000
12.247,STOP,0.000,0.000,0.000,0.000,0.0000,0.0000,0.600,0.000,0.000
12.267,STOP,0.000,0.000,0.000,0.000,0.0000,0.0000,0.600,0.000,0.000
12.287,STOP,0.000,0.000,0.000,0.000,0.0000,0.0000,0.600,0.000,0.000
12.307,STOP,0.000,0.000,0.000,0.000,0.0000,0.0000,0.600,0.000,0.000
12.327,STOP,0.000,0.000,0.000,0.000,0.0000,0.0000,0.600,0.000,0.000
12.347,STOP,0.000,0.000,0.000,0.000,0.0000,0.0000,0.600,0.000,0.000
12.367,STOP,0.000,0.000,0.000,0.000,0.0000,0.0000,0.600,0.000,0.000
12.387,STOP,0.000,0.000,0.000,0.000,0.0000,0.0000,0.600,0.000,0.000
12.407,STOP,0.000,0.000,0.000,0.000,0.0000,0.0000,0.600,0.000,0.000
12.427,STOP,0.000,0.000,0.000,0.000,0.0000,0.0000,0.600,0.000,0.000
12.447,W,0.030,0.030,0.000,0.000,0.0180,0.0180,0.600,0.000,0.000
12.467,STOP,0.000,0.000,0.000,0.000,0.0000,0.0000,0.600,0.000,0.000
12.487,STOP,0.000,0.000,0.000,0.000,0.0000,0.0000,0.600,0.000,0.000
12.507,STOP,0.000,0.000,0.000,0.000,0.0000,0.0000,0.600,0.000,0.000
12.527,STOP,0.000,0.000,0.000,0.000,0.0000,0.0000,0.600,0.000,0.000
12.547,STOP,0.000,0.000,0.000,0.000,0.0000,0.0000,0.600,0.000,0.000
12.567,STOP,0.000,0.000,0.000,0.000,0.0000,0.0000,0.600,0.000,0.000
12.587,STOP,0.000,0.000,0.000,0.000,0.0000,0.0000,0.600,0.000,0.000
12.607,STOP,0.000,0.000,0.000,0.000,0.0000,0.0000,0.600,0.000,0.000
12.627,STOP,0.000,0.000,0.000,0.000,0.0000,0.0000,0.600,0.000,0.000
12.647,STOP,0.000,0.000,0.000,0.000,0.0000,0.0000,0.600,0.000,0.000
12.667,STOP,0.000,0.000,0.000,0.000,0.0000,0.0000,0.600,0.000,0.000
12.687,STOP,0.000,0.000,0.000,0.000,0.0000,0.0000,0.600,0.000,0.000
12.707,STOP,0.000,0.000,0.000,0.000,0.0000,0.0000,0.600,0.000,0.000
12.727,STOP,0.000,0.000,0.000,0.000,0.0000,0.0000,0.600,0.000,0.000
12.747,STOP,0.000,0.000,0.000,0.000,0.0000,0.0000,0.600,0.000,0.000
12.767,STOP,0.000,0.000,0.000,0.000,0.0000,0.0000,0.600,0.000,0.000
12.787,STOP,0.000,0.000,0.000,0.000,0.0000,0.0000,0.600,0.000,0.000
12.807,STOP,0.000,0.000,0.000,0.000,0.0000,0.0000,0.600,0.000,0.000
12.827,STOP,0.000,0.000,0.000,0.000,0.0000,0.0000,0.600,0.000,0.000
12.847,STOP,0.000,0.000,0.000,0.000,0.0000,0.0000,0.600,0.000,0.000
12.867,STOP,0.000,0.000,0.000,0.000,0.0000,0.0000,0.600,0.000,0.000
12.887,STOP,0.000,0.000,0.000,0.000,0.0000,0.0000,0.600,0.000,0.000
12.907,STOP,0.000,0.000,0.000,0.000,0.0000,0.0000,0.600,0.000,0.000
12.927,STOP,0.000,0.000,0.000,0.000,0.0000,0.0000,0.600,0.000,0.000
12.947,STOP,0.000,0.000,0.000,0.000,0.0000,0.0000,0.600,0.000,0.000
12.967,STOP,0.000,0.000,0.000,0.000,0.0000,0.0000,0.600,0.000,0.000
12.987,STOP,0.000,0.000,0.000,0.000,0.0000,0.0000,0.600,0.000,0.000
13.007,STOP,0.000,0.000,0.000,0.000,0.0000,0.0000,0.600,0.000,0.000
13.027,STOP,0.000,0.000,0.000,0.000,0.0000,0.0000,0.600,0.000,0.000
13.047,STOP,0.000,0.000,0.000,0.000,0.0000,0.0000,0.600,0.000,0.000
13.067,STOP,0.000,0.000,0.000,0.000,0.0000,0.0000,0.600,0.000,0.000
13.087,STOP,0.000,0.000,0.000,0.000,0.0000,0.0000,0.600,0.000,0.000
13.107,STOP,0.000,0.000,0.000,0.000,0.0000,0.0000,0.600,0.000,0.000
13.127,STOP,0.000,0.000,0.000,0.000,0.0000,0.0000,0.600,0.000,0.000
13.147,STOP,0.000,0.000,0.000,0.000,0.0000,0.0000,0.600,0.000,0.000
13.167,STOP,0.000,0.000,0.000,0.000,0.0000,0.0000,0.600,0.000,0.000
13.187,W,0.030,0.030,0.000,0.000,0.0180,0.0180,0.600,0.000,0.000
13.207,W,0.060,0.060,0.000,0.000,0.0360,0.0360,0.600,0.000,0.000
13.227,STOP,0.030,0.030,0.000,0.000,0.0180,0.0180,0.600,0.000,0.000
13.247,STOP,0.000,0.000,0.000,0.000,0.0000,0.0000,0.600,0.000,0.000
13.267,STOP,0.000,0.000,0.000,0.000,0.0000,0.0000,0.600,0.000,0.000
13.287,STOP,0.000,0.000,0.000,0.000,0.0000,0.0000,0.600,0.000,0.000
13.307,W,0.030,0.030,0.000,0.000,0.0180,0.0180,0.600,0.000,0.000
13.327,STOP,0.000,0.000,0.000,0.000,0.0000,0.0000,0.600,0.000,0.000
13.347,STOP,0.000,0.000,0.000,0.000,0.0000,0.0000,0.600,0.000,0.000
13.367,W,0.030,0.030,0.000,0.000,0.0180,0.0180,0.600,0.000,0.000
13.387,STOP,0.000,0.000,0.000,0.000,0.0000,0.0000,0.600,0.000,0.000
13.407,STOP,0.000,0.000,0.000,0.000,0.0000,0.0000,0.600,0.000,0.000
13.427,STOP,0.000,0.000,0.000,0.000,0.0000,0.0000,0.600,0.000,0.000
13.447,W,0.030,0.030,0.000,0.000,0.0180,0.0180,0.600,0.000,0.000
13.467,STOP,0.000,0.000,0.000,0.000,0.0000,0.0000,0.600,0.000,0.000
13.487,STOP,0.000,0.000,0.000,0.000,0.0000,0.0000,0.600,0.000,0.000
13.507,STOP,0.000,0.000,0.000,0.000,0.0000,0.0000,0.600,0.000,0.000
13.527,STOP,0.000,0.000,0.000,0.000,0.0000,0.0000,0.600,0.000,0.000
13.547,STOP,0.000,0.000,0.000,0.000,0.0000,0.0000,0.600,0.000,0.000
13.567,STOP,0.000,0.000,0.000,0.000,0.0000,0.0000,0.600,0.000,0.000
13.587,STOP,0.000,0.000,0.000,0.000,0.0000,0.0000,0.600,0.000,0.000
13.607,STOP,0.000,0.000,0.000,0.000,0.0000,0.0000,0.600,0.000,0.000
13.627,STOP,0.000,0.000,0.000,0.000,0.0000,0.0000,0.600,0.000,0.000
13.647,STOP,0.000,0.000,0.000,0.000,0.0000,0.0000,0.600,0.000,0.000
13.667,STOP,0.000,0.000,0.000,0.000,0.0000,0.0000,0.600,0.000,0.000
13.687,W,0.030,0.030,0.000,0.000,0.0180,0.0180,0.600,0.000,0.000
13.708,STOP,0.000,0.000,0.000,0.000,0.0000,0.0000,0.600,0.000,0.000
13.728,W,0.030,0.030,0.000,0.000,0.0180,0.0180,0.600,0.000,0.000
13.747,STOP,0.000,0.000,0.000,0.000,0.0000,0.0000,0.600,0.000,0.000
13.767,STOP,0.000,0.000,0.000,0.000,0.0000,0.0000,0.600,0.000,0.000
13.787,STOP,0.000,0.000,0.000,0.000,0.0000,0.0000,0.600,0.000,0.000
13.807,W,0.030,0.030,0.000,0.000,0.0180,0.0180,0.600,0.000,0.000
13.828,STOP,0.000,0.000,0.000,0.000,0.0000,0.0000,0.600,0.000,0.000
13.847,STOP,0.000,0.000,0.000,0.000,0.0000,0.0000,0.600,0.000,0.000
13.867,STOP,0.000,0.000,0.000,0.000,0.0000,0.0000,0.600,0.000,0.000
13.887,W,0.030,0.030,0.000,0.000,0.0180,0.0180,0.600,0.000,0.000
13.907,STOP,0.000,0.000,0.000,0.000,0.0000,0.0000,0.600,0.000,0.000
13.927,STOP,0.000,0.000,0.000,0.000,0.0000,0.0000,0.600,0.000,0.000
13.947,STOP,0.000,0.000,0.000,0.000,0.0000,0.0000,0.600,0.000,0.000
13.967,W,0.030,0.030,0.000,0.000,0.0180,0.0180,0.600,0.000,0.000
13.988,STOP,0.000,0.000,0.000,0.000,0.0000,0.0000,0.600,0.000,0.000
14.007,STOP,0.000,0.000,0.000,0.000,0.0000,0.0000,0.600,0.000,0.000
14.027,STOP,0.000,0.000,0.000,0.000,0.0000,0.0000,0.600,0.000,0.000
14.047,STOP,0.000,0.000,0.000,0.000,0.0000,0.0000,0.600,0.000,0.000
14.067,W,0.030,0.030,0.000,0.000,0.0180,0.0180,0.600,0.000,0.000
14.088,STOP,0.000,0.000,0.000,0.000,0.0000,0.0000,0.600,0.000,0.000
14.107,STOP,0.000,0.000,0.000,0.000,0.0000,0.0000,0.600,0.000,0.000
14.127,STOP,0.000,0.000,0.000,0.000,0.0000,0.0000,0.600,0.000,0.000
14.147,W,0.030,0.030,0.000,0.000,0.0180,0.0180,0.600,0.000,0.000
14.168,STOP,0.000,0.000,0.000,0.000,0.0000,0.0000,0.600,0.000,0.000
14.187,STOP,0.000,0.000,0.000,0.000,0.0000,0.0000,0.600,0.000,0.000
14.207,W,0.030,0.030,0.000,0.000,0.0180,0.0180,0.600,0.000,0.000
14.227,STOP,0.000,0.000,0.000,0.000,0.0000,0.0000,0.600,0.000,0.000
14.247,STOP,0.000,0.000,0.000,0.000,0.0000,0.0000,0.600,0.000,0.000
14.267,STOP,0.000,0.000,0.000,0.000,0.0000,0.0000,0.600,0.000,0.000
14.287,STOP,0.000,0.000,0.000,0.000,0.0000,0.0000,0.600,0.000,0.000
14.307,W,0.030,0.030,0.000,0.000,0.0180,0.0180,0.600,0.000,0.000
14.328,STOP,0.000,0.000,0.000,0.000,0.0000,0.0000,0.600,0.000,0.000
14.347,STOP,0.000,0.000,0.000,0.000,0.0000,0.0000,0.600,0.000,0.000
14.367,W,0.030,0.030,0.000,0.000,0.0180,0.0180,0.600,0.000,0.000
14.388,STOP,0.000,0.000,0.000,0.000,0.0000,0.0000,0.600,0.000,0.000
14.407,STOP,0.000,0.000,0.000,0.000,0.0000,0.0000,0.600,0.000,0.000
14.427,STOP,0.000,0.000,0.000,0.000,0.0000,0.0000,0.600,0.000,0.000
14.447,STOP,0.000,0.000,0.000,0.000,0.0000,0.0000,0.600,0.000,0.000
14.467,W,0.030,0.030,0.000,0.000,0.0180,0.0180,0.600,0.000,0.000
14.488,STOP,0.000,0.000,0.000,0.000,0.0000,0.0000,0.600,0.000,0.000
14.507,STOP,0.000,0.000,0.000,0.000,0.0000,0.0000,0.600,0.000,0.000
14.527,STOP,0.000,0.000,0.000,0.000,0.0000,0.0000,0.600,0.000,0.000
14.547,W,0.030,0.030,0.000,0.000,0.0180,0.0180,0.600,0.000,0.000
14.568,STOP,0.000,0.000,0.000,0.000,0.0000,0.0000,0.600,0.000,0.000
14.587,STOP,0.000,0.000,0.000,0.000,0.0000,0.0000,0.600,0.000,0.000
14.607,STOP,0.000,0.000,0.000,0.000,0.0000,0.0000,0.600,0.000,0.000
14.627,W,0.030,0.030,0.000,0.000,0.0180,0.0180,0.600,0.000,0.000
14.648,STOP,0.000,0.000,0.000,0.000,0.0000,0.0000,0.600,0.000,0.000
14.667,STOP,0.000,0.000,0.000,0.000,0.0000,0.0000,0.600,0.000,0.000
14.687,STOP,0.000,0.000,0.000,0.000,0.0000,0.0000,0.600,0.000,0.000
14.707,STOP,0.000,0.000,0.000,0.000,0.0000,0.0000,0.600,0.000,0.000
14.727,W,0.030,0.030,0.000,0.000,0.0180,0.0180,0.600,0.000,0.000
14.748,STOP,0.000,0.000,0.000,0.000,0.0000,0.0000,0.600,0.000,0.000
14.767,STOP,0.000,0.000,0.000,0.000,0.0000,0.0000,0.600,0.000,0.000
14.787,STOP,0.000,0.000,0.000,0.000,0.0000,0.0000,0.600,0.000,0.000
14.807,W,0.030,0.030,0.000,0.000,0.0180,0.0180,0.600,0.000,0.000
14.828,STOP,0.000,0.000,0.000,0.000,0.0000,0.0000,0.600,0.000,0.000
14.847,STOP,0.000,0.000,0.000,0.000,0.0000,0.0000,0.600,0.000,0.000
14.867,STOP,0.000,0.000,0.000,0.000,0.0000,0.0000,0.600,0.000,0.000
14.887,W,0.030,0.030,0.000,0.000,0.0180,0.0180,0.600,0.000,0.000
14.908,STOP,0.000,0.000,0.000,0.000,0.0000,0.0000,0.600,0.000,0.000
14.927,STOP,0.000,0.000,0.000,0.000,0.0000,0.0000,0.600,0.000,0.000
14.947,STOP,0.000,0.000,0.000,0.000,0.0000,0.0000,0.600,0.000,0.000
14.967,W,0.030,0.030,0.000,0.000,0.0180,0.0180,0.600,0.000,0.000
14.988,STOP,0.000,0.000,0.000,0.000,0.0000,0.0000,0.600,0.000,0.000
15.007,STOP,0.000,0.000,0.000,0.000,0.0000,0.0000,0.600,0.000,0.000
15.027,STOP,0.000,0.000,0.000,0.000,0.0000,0.0000,0.600,0.000,0.000
15.047,W,0.030,0.030,0.000,0.000,0.0180,0.0180,0.600,0.000,0.000
15.068,STOP,0.000,0.000,0.000,0.000,0.0000,0.0000,0.600,0.000,0.000
15.087,STOP,0.000,0.000,0.000,0.000,0.0000,0.0000,0.600,0.000,0.000
15.107,STOP,0.000,0.000,0.000,0.000,0.0000,0.0000,0.600,0.000,0.000
15.127,STOP,0.000,0.000,0.000,0.000,0.0000,0.0000,0.600,0.000,0.000
15.147,W,0.030,0.030,0.000,0.000,0.0180,0.0180,0.600,0.000,0.000
15.168,STOP,0.000,0.000,0.000,0.000,0.0000,0.0000,0.600,0.000,0.000
15.187,STOP,0.000,0.000,0.000,0.000,0.0000,0.0000,0.600,0.000,0.000
15.207,STOP,0.000,0.000,0.000,0.000,0.0000,0.0000,0.600,0.000,0.000
15.227,W,0.030,0.030,0.000,0.000,0.0180,0.0180,0.600,0.000,0.000
15.248,STOP,0.000,0.000,0.000,0.000,0.0000,0.0000,0.600,0.000,0.000
15.267,STOP,0.000,0.000,0.000,0.000,0.0000,0.0000,0.600,0.000,0.000
15.287,STOP,0.000,0.000,0.000,0.000,0.0000,0.0000,0.600,0.000,0.000
15.307,W,0.030,0.030,0.000,0.000,0.0180,0.0180,0.600,0.000,0.000
15.328,STOP,0.000,0.000,0.000,0.000,0.0000,0.0000,0.600,0.000,0.000
15.347,STOP,0.000,0.000,0.000,0.000,0.0000,0.0000,0.600,0.000,0.000
15.367,STOP,0.000,0.000,0.000,0.000,0.0000,0.0000,0.600,0.000,0.000
15.387,W,0.030,0.030,0.000,0.000,0.0180,0.0180,0.600,0.000,0.000
15.408,STOP,0.000,0.000,0.000,0.000,0.0000,0.0000,0.600,0.000,0.000
15.427,STOP,0.000,0.000,0.000,0.000,0.0000,0.0000,0.600,0.000,0.000
15.447,W,0.030,0.030,0.000,0.000,0.0180,0.0180,0.600,0.000,0.000
15.468,STOP,0.000,0.000,0.000,0.000,0.0000,0.0000,0.600,0.000,0.000
15.487,STOP,0.000,0.000,0.000,0.000,0.0000,0.0000,0.600,0.000,0.000
15.507,STOP,0.000,0.000,0.000,0.000,0.0000,0.0000,0.600,0.000,0.000
15.527,STOP,0.000,0.000,0.000,0.000,0.0000,0.0000,0.600,0.000,0.000
15.547,STOP,0.000,0.000,0.000,0.000,0.0000,0.0000,0.600,0.000,0.000
15.567,W,0.030,0.030,0.000,0.000,0.0180,0.0180,0.600,0.000,0.000
15.588,STOP,0.000,0.000,0.000,0.000,0.0000,0.0000,0.600,0.000,0.000
15.607,STOP,0.000,0.000,0.000,0.000,0.0000,0.0000,0.600,0.000,0.000
15.627,W,0.030,0.030,0.000,0.000,0.0180,0.0180,0.600,0.000,0.000
15.648,STOP,0.000,0.000,0.000,0.000,0.0000,0.0000,0.600,0.000,0.000
15.667,STOP,0.000,0.000,0.000,0.000,0.0000,0.0000,0.600,0.000,0.000
15.687,STOP,0.000,0.000,0.000,0.000,0.0000,0.0000,0.600,0.000,0.000
15.707,STOP,0.000,0.000,0.000,0.000,0.0000,0.0000,0.600,0.000,0.000
15.727,W,0.030,0.030,0.000,0.000,0.0180,0.0180,0.600,0.000,0.000
15.748,STOP,0.000,0.000,0.000,0.000,0.0000,0.0000,0.600,0.000,0.000
15.767,STOP,0.000,0.000,0.000,0.000,0.0000,0.0000,0.600,0.000,0.000
15.787,STOP,0.000,0.000,0.000,0.000,0.0000,0.0000,0.600,0.000,0.000
15.807,W,0.030,0.030,0.000,0.000,0.0180,0.0180,0.600,0.000,0.000
15.828,STOP,0.000,0.000,0.000,0.000,0.0000,0.0000,0.600,0.000,0.000
15.847,STOP,0.000,0.000,0.000,0.000,0.0000,0.0000,0.600,0.000,0.000
15.867,STOP,0.000,0.000,0.000,0.000,0.0000,0.0000,0.600,0.000,0.000
15.887,STOP,0.000,0.000,0.000,0.000,0.0000,0.0000,0.600,0.000,0.000
15.907,W,0.030,0.030,0.000,0.000,0.0180,0.0180,0.600,0.000,0.000
15.927,STOP,0.000,0.000,0.000,0.000,0.0000,0.0000,0.600,0.000,0.000
15.947,STOP,0.000,0.000,0.000,0.000,0.0000,0.0000,0.600,0.000,0.000
15.967,W,0.030,0.030,0.000,0.000,0.0180,0.0180,0.600,0.000,0.000
15.987,STOP,0.000,0.000,0.000,0.000,0.0000,0.0000,0.600,0.000,0.000
16.007,STOP,0.000,0.000,0.000,0.000,0.0000,0.0000,0.600,0.000,0.000
16.027,STOP,0.000,0.000,0.000,0.000,0.0000,0.0000,0.600,0.000,0.000
16.047,STOP,0.000,0.000,0.000,0.000,0.0000,0.0000,0.600,0.000,0.000
16.067,W,0.030,0.030,0.000,0.000,0.0180,0.0180,0.600,0.000,0.000
16.087,STOP,0.000,0.000,0.000,0.000,0.0000,0.0000,0.600,0.000,0.000
16.107,STOP,0.000,0.000,0.000,0.000,0.0000,0.0000,0.600,0.000,0.000
16.127,STOP,0.000,0.000,0.000,0.000,0.0000,0.0000,0.600,0.000,0.000
16.147,W,0.030,0.030,0.000,0.000,0.0180,0.0180,0.600,0.000,0.000
16.167,STOP,0.000,0.000,0.000,0.000,0.0000,0.0000,0.600,0.000,0.000
16.187,STOP,0.000,0.000,0.000,0.000,0.0000,0.0000,0.600,0.000,0.000
16.207,W,0.030,0.030,0.000,0.000,0.0180,0.0180,0.600,0.000,0.000
16.227,STOP,0.000,0.000,0.000,0.000,0.0000,0.0000,0.600,0.000,0.000
16.247,STOP,0.000,0.000,0.000,0.000,0.0000,0.0000,0.600,0.000,0.000
16.267,STOP,0.000,0.000,0.000,0.000,0.0000,0.0000,0.600,0.000,0.000
16.287,STOP,0.000,0.000,0.000,0.000,0.0000,0.0000,0.600,0.000,0.000
16.307,W,0.030,0.030,0.000,0.000,0.0180,0.0180,0.600,0.000,0.000
16.327,STOP,0.000,0.000,0.000,0.000,0.0000,0.0000,0.600,0.000,0.000
16.347,STOP,0.000,0.000,0.000,0.000,0.0000,0.0000,0.600,0.000,0.000
16.367,W,0.030,0.030,0.000,0.000,0.0180,0.0180,0.600,0.000,0.000
16.387,STOP,0.000,0.000,0.000,0.000,0.0000,0.0000,0.600,0.000,0.000
16.407,STOP,0.000,0.000,0.000,0.000,0.0000,0.0000,0.600,0.000,0.000
16.427,STOP,0.000,0.000,0.000,0.000,0.0000,0.0000,0.600,0.000,0.000
16.447,STOP,0.000,0.000,0.000,0.000,0.0000,0.0000,0.600,0.000,0.000
16.467,W,0.030,0.030,0.000,0.000,0.0180,0.0180,0.600,0.000,0.000
16.489,STOP,0.000,0.000,0.000,0.000,0.0000,0.0000,0.600,0.000,0.000
16.508,STOP,0.000,0.000,0.000,0.000,0.0000,0.0000,0.600,0.000,0.000
16.528,STOP,0.000,0.000,0.000,0.000,0.0000,0.0000,0.600,0.000,0.000
16.548,W,0.030,0.030,0.000,0.000,0.0180,0.0180,0.600,0.000,0.000
16.568,STOP,0.000,0.000,0.000,0.000,0.0000,0.0000,0.600,0.000,0.000
16.588,STOP,0.000,0.000,0.000,0.000,0.0000,0.0000,0.600,0.000,0.000
16.608,STOP,0.000,0.000,0.000,0.000,0.0000,0.0000,0.600,0.000,0.000
16.628,W,0.030,0.030,0.000,0.000,0.0180,0.0180,0.600,0.000,0.000
16.648,STOP,0.000,0.000,0.000,0.000,0.0000,0.0000,0.600,0.000,0.000
16.668,STOP,0.000,0.000,0.000,0.000,0.0000,0.0000,0.600,0.000,0.000
16.688,STOP,0.000,0.000,0.000,0.000,0.0000,0.0000,0.600,0.000,0.000
16.708,D,0.030,-0.030,0.000,0.000,0.0180,-0.0180,0.600,0.000,0.000
16.729,STOP,0.000,0.000,0.000,0.000,0.0000,0.0000,0.600,0.000,0.000
16.748,STOP,0.000,0.000,0.000,0.000,0.0000,0.0000,0.600,0.000,0.000
16.768,STOP,0.000,0.000,0.000,0.000,0.0000,0.0000,0.600,0.000,0.000
16.788,STOP,0.000,0.000,0.000,0.000,0.0000,0.0000,0.600,0.000,0.000
16.808,STOP,0.000,0.000,0.000,0.000,0.0000,0.0000,0.600,0.000,0.000
16.828,STOP,0.000,0.000,0.000,0.000,0.0000,0.0000,0.600,0.000,0.000
16.848,STOP,0.000,0.000,0.000,0.000,0.0000,0.0000,0.600,0.000,0.000
16.868,STOP,0.000,0.000,0.000,0.000,0.0000,0.0000,0.600,0.000,0.000
16.888,STOP,0.000,0.000,0.000,0.000,0.0000,0.0000,0.600,0.000,0.000
16.908,STOP,0.000,0.000,0.000,0.000,0.0000,0.0000,0.600,0.000,0.000
16.928,STOP,0.000,0.000,0.000,0.000,0.0000,0.0000,0.600,0.000,0.000
16.948,STOP,0.000,0.000,0.000,0.000,0.0000,0.0000,0.600,0.000,0.000
16.968,STOP,0.000,0.000,0.000,0.000,0.0000,0.0000,0.600,0.000,0.000
16.988,STOP,0.000,0.000,0.000,0.000,0.0000,0.0000,0.600,0.000,0.000
17.008,STOP,0.000,0.000,0.000,0.000,0.0000,0.0000,0.600,0.000,0.000
17.028,STOP,0.000,0.000,0.000,0.000,0.0000,0.0000,0.600,0.000,0.000
17.048,STOP,0.000,0.000,0.000,0.000,0.0000,0.0000,0.600,0.000,0.000
17.068,STOP,0.000,0.000,0.000,0.000,0.0000,0.0000,0.600,0.000,0.000
17.088,STOP,0.000,0.000,0.000,0.000,0.0000,0.0000,0.600,0.000,0.000
17.108,STOP,0.000,0.000,0.000,0.000,0.0000,0.0000,0.600,0.000,0.000
17.128,STOP,0.000,0.000,0.000,0.000,0.0000,0.0000,0.600,0.000,0.000
17.148,STOP,0.000,0.000,0.000,0.000,0.0000,0.0000,0.600,0.000,0.000
17.168,STOP,0.000,0.000,0.000,0.000,0.0000,0.0000,0.600,0.000,0.000
17.188,STOP,0.000,0.000,0.000,0.000,0.0000,0.0000,0.600,0.000,0.000
17.208,D,0.030,-0.030,0.000,0.000,0.0180,-0.0180,0.600,0.000,0.000
17.228,STOP,0.000,0.000,0.000,0.000,0.0000,0.0000,0.600,0.000,0.000
17.248,STOP,0.000,0.000,0.000,0.000,0.0000,0.0000,0.600,0.000,0.000
17.268,STOP,0.000,0.000,0.000,0.000,0.0000,0.0000,0.600,0.000,0.000
17.288,D,0.030,-0.030,0.000,0.000,0.0180,-0.0180,0.600,0.000,0.000
17.308,STOP,0.000,0.000,0.000,0.000,0.0000,0.0000,0.600,0.000,0.000
17.328,STOP,0.000,0.000,0.000,0.000,0.0000,0.0000,0.600,0.000,0.000
17.348,STOP,0.000,0.000,0.000,0.000,0.0000,0.0000,0.600,0.000,0.000
17.368,D,0.030,-0.030,0.000,0.000,0.0180,-0.0180,0.600,0.000,0.000
17.388,STOP,0.000,0.000,0.000,0.000,0.0000,0.0000,0.600,0.000,0.000
17.408,STOP,0.000,0.000,0.000,0.000,0.0000,0.0000,0.600,0.000,0.000
17.428,STOP,0.000,0.000,0.000,0.000,0.0000,0.0000,0.600,0.000,0.000
17.448,STOP,0.000,0.000,0.000,0.000,0.0000,0.0000,0.600,0.000,0.000
17.468,D,0.030,-0.030,0.000,0.000,0.0180,-0.0180,0.600,0.000,0.000
17.488,STOP,0.000,0.000,0.000,0.000,0.0000,0.0000,0.600,0.000,0.000
17.508,STOP,0.000,0.000,0.000,0.000,0.0000,0.0000,0.600,0.000,0.000
17.528,STOP,0.000,0.000,0.000,0.000,0.0000,0.0000,0.600,0.000,0.000
17.548,D,0.030,-0.030,0.000,0.000,0.0180,-0.0180,0.600,0.000,0.000
17.568,STOP,0.000,0.000,0.000,0.000,0.0000,0.0000,0.600,0.000,0.000
17.588,STOP,0.000,0.000,0.000,0.000,0.0000,0.0000,0.600,0.000,0.000
17.608,STOP,0.000,0.000,0.000,0.000,0.0000,0.0000,0.600,0.000,0.000
17.628,D,0.030,-0.030,0.000,0.000,0.0180,-0.0180,0.600,0.000,0.000
17.649,STOP,0.000,0.000,0.000,0.000,0.0000,0.0000,0.600,0.000,0.000
17.668,STOP,0.000,0.000,0.000,0.000,0.0000,0.0000,0.600,0.000,0.000
17.688,STOP,0.000,0.000,0.000,0.000,0.0000,0.0000,0.600,0.000,0.000
17.708,D,0.030,-0.030,0.000,0.000,0.0180,-0.0180,0.600,0.000,0.000
17.728,STOP,0.000,0.000,0.000,0.000,0.0000,0.0000,0.600,0.000,0.000
17.748,STOP,0.000,0.000,0.000,0.000,0.0000,0.0000,0.600,0.000,0.000
17.768,STOP,0.000,0.000,0.000,0.000,0.0000,0.0000,0.600,0.000,0.000
17.788,D,0.030,-0.030,0.000,0.000,0.0180,-0.0180,0.600,0.000,0.000
17.808,STOP,0.000,0.000,0.000,0.000,0.0000,0.0000,0.600,0.000,0.000
17.828,STOP,0.000,0.000,0.000,0.000,0.0000,0.0000,0.600,0.000,0.000
17.848,STOP,0.000,0.000,0.000,0.000,0.0000,0.0000,0.600,0.000,0.000
17.868,STOP,0.000,0.000,0.000,0.000,0.0000,0.0000,0.600,0.000,0.000
17.888,D,0.030,-0.030,0.000,0.000,0.0180,-0.0180,0.600,0.000,0.000
17.908,STOP,0.000,0.000,0.000,0.000,0.0000,0.0000,0.600,0.000,0.000
17.928,STOP,0.000,0.000,0.000,0.000,0.0000,0.0000,0.600,0.000,0.000
17.948,D,0.030,-0.030,0.000,0.000,0.0180,-0.0180,0.600,0.000,0.000
17.968,STOP,0.000,0.000,0.000,0.000,0.0000,0.0000,0.600,0.000,0.000
17.988,STOP,0.000,0.000,0.000,0.000,0.0000,0.0000,0.600,0.000,0.000
18.008,A,-0.030,0.030,0.000,0.000,-0.0180,0.0180,0.600,0.000,0.000
18.028,STOP,0.000,0.000,0.000,0.000,0.0000,0.0000,0.600,0.000,0.000
18.048,STOP,0.000,0.000,0.000,0.000,0.0000,0.0000,0.600,0.000,0.000
18.068,STOP,0.000,0.000,0.000,0.000,0.0000,0.0000,0.600,0.000,0.000
18.088,STOP,0.000,0.000,0.000,0.000,0.0000,0.0000,0.600,0.000,0.000
18.108,STOP,0.000,0.000,0.000,0.000,0.0000,0.0000,0.600,0.000,0.000
18.128,STOP,0.000,0.000,0.000,0.000,0.0000,0.0000,0.600,0.000,0.000
18.148,STOP,0.000,0.000,0.000,0.000,0.0000,0.0000,0.600,0.000,0.000
18.168,STOP,0.000,0.000,0.000,0.000,0.0000,0.0000,0.600,0.000,0.000
18.188,STOP,0.000,0.000,0.000,0.000,0.0000,0.0000,0.600,0.000,0.000
18.208,STOP,0.000,0.000,0.000,0.000,0.0000,0.0000,0.600,0.000,0.000
18.228,STOP,0.000,0.000,0.000,0.000,0.0000,0.0000,0.600,0.000,0.000
18.248,STOP,0.000,0.000,0.000,0.000,0.0000,0.0000,0.600,0.000,0.000
18.268,STOP,0.000,0.000,0.000,0.000,0.0000,0.0000,0.600,0.000,0.000
18.288,STOP,0.000,0.000,0.000,0.000,0.0000,0.0000,0.600,0.000,0.000
18.308,STOP,0.000,0.000,0.000,0.000,0.0000,0.0000,0.600,0.000,0.000
18.328,STOP,0.000,0.000,0.000,0.000,0.0000,0.0000,0.600,0.000,0.000
18.348,STOP,0.000,0.000,0.000,0.000,0.0000,0.0000,0.600,0.000,0.000
18.368,STOP,0.000,0.000,0.000,0.000,0.0000,0.0000,0.600,0.000,0.000
18.388,STOP,0.000,0.000,0.000,0.000,0.0000,0.0000,0.600,0.000,0.000
18.408,STOP,0.000,0.000,0.000,0.000,0.0000,0.0000,0.600,0.000,0.000
18.428,STOP,0.000,0.000,0.000,0.000,0.0000,0.0000,0.600,0.000,0.000
18.448,STOP,0.000,0.000,0.000,0.000,0.0000,0.0000,0.600,0.000,0.000
18.468,STOP,0.000,0.000,0.000,0.000,0.0000,0.0000,0.600,0.000,0.000
18.488,STOP,0.000,0.000,0.000,0.000,0.0000,0.0000,0.600,0.000,0.000
18.508,STOP,0.000,0.000,0.000,0.000,0.0000,0.0000,0.600,0.000,0.000
18.528,A,-0.030,0.030,0.000,0.000,-0.0180,0.0180,0.600,0.000,0.000
18.548,STOP,0.000,0.000,0.000,0.000,0.0000,0.0000,0.600,0.000,0.000
18.568,STOP,0.000,0.000,0.000,0.000,0.0000,0.0000,0.600,0.000,0.000
18.588,STOP,0.000,0.000,0.000,0.000,0.0000,0.0000,0.600,0.000,0.000
18.608,A,-0.030,0.030,0.000,0.000,-0.0180,0.0180,0.600,0.000,0.000
18.628,STOP,0.000,0.000,0.000,0.000,0.0000,0.0000,0.600,0.000,0.000
18.648,STOP,0.000,0.000,0.000,0.000,0.0000,0.0000,0.600,0.000,0.000
18.668,STOP,0.000,0.000,0.000,0.000,0.0000,0.0000,0.600,0.000,0.000
18.688,STOP,0.000,0.000,0.000,0.000,0.0000,0.0000,0.600,0.000,0.000
18.708,A,-0.030,0.030,0.000,0.000,-0.0180,0.0180,0.600,0.000,0.000
18.728,STOP,0.000,0.000,0.000,0.000,0.0000,0.0000,0.600,0.000,0.000
18.748,STOP,0.000,0.000,0.000,0.000,0.0000,0.0000,0.600,0.000,0.000
18.768,A,-0.030,0.030,0.000,0.000,-0.0180,0.0180,0.600,0.000,0.000
18.789,STOP,0.000,0.000,0.000,0.000,0.0000,0.0000,0.600,0.000,0.000
18.808,STOP,0.000,0.000,0.000,0.000,0.0000,0.0000,0.600,0.000,0.000
18.828,STOP,0.000,0.000,0.000,0.000,0.0000,0.0000,0.600,0.000,0.000
18.848,STOP,0.000,0.000,0.000,0.000,0.0000,0.0000,0.600,0.000,0.000
18.868,A,-0.030,0.030,0.000,0.000,-0.0180,0.0180,0.600,0.000,0.000
18.889,STOP,0.000,0.000,0.000,0.000,0.0000,0.0000,0.600,0.000,0.000
18.908,STOP,0.000,0.000,0.000,0.000,0.0000,0.0000,0.600,0.000,0.000
18.928,A,-0.030,0.030,0.000,0.000,-0.0180,0.0180,0.600,0.000,0.000
18.948,STOP,0.000,0.000,0.000,0.000,0.0000,0.0000,0.600,0.000,0.000
18.968,STOP,0.000,0.000,0.000,0.000,0.0000,0.0000,0.600,0.000,0.000
18.988,STOP,0.000,0.000,0.000,0.000,0.0000,0.0000,0.600,0.000,0.000
19.008,STOP,0.000,0.000,0.000,0.000,0.0000,0.0000,0.600,0.000,0.000
19.028,STOP,0.000,0.000,0.000,0.000,0.0000,0.0000,0.600,0.000,0.000
19.048,A,-0.030,0.030,0.000,0.000,-0.0180,0.0180,0.600,0.000,0.000
19.068,STOP,0.000,0.000,0.000,0.000,0.0000,0.0000,0.600,0.000,0.000
19.089,A,-0.030,0.030,0.000,0.000,-0.0180,0.0180,0.600,0.000,0.000
19.109,STOP,0.000,0.000,0.000,0.000,0.0000,0.0000,0.600,0.000,0.000
19.128,STOP,0.000,0.000,0.000,0.000,0.0000,0.0000,0.600,0.000,0.000
19.148,STOP,0.000,0.000,0.000,0.000,0.0000,0.0000,0.600,0.000,0.000
19.168,STOP,0.000,0.000,0.000,0.000,0.0000,0.0000,0.600,0.000,0.000
19.188,STOP,0.000,0.000,0.000,0.000,0.0000,0.0000,0.600,0.000,0.000
19.208,A,-0.030,0.030,0.000,0.000,-0.0180,0.0180,0.600,0.000,0.000
19.228,STOP,0.000,0.000,0.000,0.000,0.0000,0.0000,0.600,0.000,0.000
19.248,STOP,0.000,0.000,0.000,0.000,0.0000,0.0000,0.600,0.000,0.000
19.268,STOP,0.000,0.000,0.000,0.000,0.0000,0.0000,0.600,0.000,0.000
19.288,STOP,0.000,0.000,0.000,0.000,0.0000,0.0000,0.600,0.000,0.000
19.308,STOP,0.000,0.000,0.000,0.000,0.0000,0.0000,0.600,0.000,0.000
19.328,STOP,0.000,0.000,0.000,0.000,0.0000,0.0000,0.600,0.000,0.000
19.348,STOP,0.000,0.000,0.000,0.000,0.0000,0.0000,0.600,0.000,0.000
19.368,STOP,0.000,0.000,0.000,0.000,0.0000,0.0000,0.600,0.000,0.000
19.388,STOP,0.000,0.000,0.000,0.000,0.0000,0.0000,0.600,0.000,0.000
19.408,STOP,0.000,0.000,0.000,0.000,0.0000,0.0000,0.600,0.000,0.000
19.428,STOP,0.000,0.000,0.000,0.000,0.0000,0.0000,0.600,0.000,0.000
19.448,STOP,0.000,0.000,0.000,0.000,0.0000,0.0000,0.600,0.000,0.000
19.468,STOP,0.000,0.000,0.000,0.000,0.0000,0.0000,0.600,0.000,0.000
19.488,STOP,0.000,0.000,0.000,0.000,0.0000,0.0000,0.600,0.000,0.000
19.508,STOP,0.000,0.000,0.000,0.000,0.0000,0.0000,0.600,0.000,0.000
19.528,STOP,0.000,0.000,0.000,0.000,0.0000,0.0000,0.600,0.000,0.000
19.548,STOP,0.000,0.000,0.000,0.000,0.0000,0.0000,0.600,0.000,0.000
19.568,STOP,0.000,0.000,0.000,0.000,0.0000,0.0000,0.600,0.000,0.000
19.588,STOP,0.000,0.000,0.000,0.000,0.0000,0.0000,0.600,0.000,0.000
19.608,STOP,0.000,0.000,0.000,0.000,0.0000,0.0000,0.600,0.000,0.000
19.628,STOP,0.000,0.000,0.000,0.000,0.0000,0.0000,0.600,0.000,0.000
19.648,STOP,0.000,0.000,0.000,0.000,0.0000,0.0000,0.600,0.000,0.000
19.668,STOP,0.000,0.000,0.000,0.000,0.0000,0.0000,0.600,0.000,0.000
19.688,STOP,0.000,0.000,0.000,0.000,0.0000,0.0000,0.600,0.000,0.000
19.708,STOP,0.000,0.000,0.000,0.000,0.0000,0.0000,0.600,0.000,0.000
19.728,STOP,0.000,0.000,0.000,0.000,0.0000,0.0000,0.600,0.000,0.000
19.748,STOP,0.000,0.000,0.000,0.000,0.0000,0.0000,0.600,0.000,0.000
19.768,STOP,0.000,0.000,0.000,0.000,0.0000,0.0000,0.600,0.000,0.000
19.788,STOP,0.000,0.000,0.000,0.000,0.0000,0.0000,0.600,0.000,0.000
19.808,STOP,0.000,0.000,0.000,0.000,0.0000,0.0000,0.600,0.000,0.000
19.828,STOP,0.000,0.000,0.000,0.000,0.0000,0.0000,0.600,0.000,0.000
19.848,STOP,0.000,0.000,0.000,0.000,0.0000,0.0000,0.600,0.000,0.000
19.868,STOP,0.000,0.000,0.000,0.000,0.0000,0.0000,0.600,0.000,0.000
19.888,STOP,0.000,0.000,0.000,0.000,0.0000,0.0000,0.600,0.000,0.000
19.908,STOP,0.000,0.000,0.000,0.000,0.0000,0.0000,0.600,0.000,0.000
19.928,STOP,0.000,0.000,0.000,0.000,0.0000,0.0000,0.600,0.000,0.000
19.948,STOP,0.000,0.000,0.000,0.000,0.0000,0.0000,0.600,0.000,0.000
19.968,STOP,0.000,0.000,0.000,0.000,0.0000,0.0000,0.600,0.000,0.000
19.988,STOP,0.000,0.000,0.000,0.000,0.0000,0.0000,0.600,0.000,0.000
20.008,STOP,0.000,0.000,0.000,0.000,0.0000,0.0000,0.600,0.000,0.000
20.028,STOP,0.000,0.000,0.000,0.000,0.0000,0.0000,0.600,0.000,0.000
20.048,STOP,0.000,0.000,0.000,0.000,0.0000,0.0000,0.600,0.000,0.000
20.068,STOP,0.000,0.000,0.000,0.000,0.0000,0.0000,0.600,0.000,0.000
20.088,STOP,0.000,0.000,0.000,0.000,0.0000,0.0000,0.600,0.000,0.000
20.108,STOP,0.000,0.000,0.000,0.000,0.0000,0.0000,0.600,0.000,0.000
20.128,STOP,0.000,0.000,0.000,0.000,0.0000,0.0000,0.600,0.000,0.000
20.148,STOP,0.000,0.000,0.000,0.000,0.0000,0.0000,0.600,0.000,0.000
20.168,STOP,0.000,0.000,0.000,0.000,0.0000,0.0000,0.600,0.000,0.000
