t,set_left_rps,set_right_rps,meas_left_rps,meas_right_rps,out_left,out_right,Kp,Ki,Kd,battery_v
0.005,1.000,1.000,0.000,0.000,0.9000,0.9000,0.9000,0.0000,0.0500,
0.009,1.000,1.000,0.000,0.000,0.9000,0.9000,0.9000,0.0000,0.0500,
0.030,1.000,1.000,-0.297,-0.223,1.0000,1.0000,0.9000,0.0000,0.0500,
0.059,1.000,1.000,-1.395,-1.395,1.0000,1.0000,0.9000,0.0000,0.0500,
0.082,1.000,1.000,-2.127,-2.196,1.0000,1.0000,0.9000,0.0000,0.0500,
0.123,1.000,1.000,-2.091,-2.091,0.8772,0.6409,0.9000,0.0000,0.0500,
0.179,1.000,1.000,-2.130,-2.130,1.0000,1.0000,0.9000,0.0000,0.0500,
0.226,1.000,1.000,-2.413,-2.413,1.0000,1.0000,0.9000,0.0000,0.0500,
0.285,1.000,1.000,-2.457,-2.396,1.0000,0.9440,0.9000,0.0000,0.0500,
0.350,1.000,1.000,-2.476,-2.452,1.0000,1.0000,0.9000,0.0000,0.0500,
0.422,1.000,1.000,-2.476,-2.476,0.9986,1.0000,0.9000,0.0000,0.0500,
0.494,1.000,1.000,-2.479,-2.459,1.0000,0.9421,0.9000,0.0000,0.0500,
0.571,1.000,1.000,-2.482,-2.482,1.0000,1.0000,0.9000,0.0000,0.0500,
0.642,1.000,1.000,-2.475,-2.475,0.9741,0.9742,0.9000,0.0000,0.0500,
0.720,1.000,1.000,-2.498,-2.477,1.0000,1.0000,0.9000,0.0000,0.0500,
0.786,1.000,1.000,-2.462,-2.480,0.8781,1.0000,0.9000,0.0000,0.0500,
0.872,1.000,1.000,-2.464,-2.464,0.9766,0.9434,0.9000,0.0000,0.0500,
0.936,1.000,1.000,-2.488,-2.470,1.0000,1.0000,0.9000,0.0000,0.0500,
1.008,1.000,1.000,-2.460,-2.481,0.8970,1.0000,0.9000,0.0000,0.0500,
1.084,1.000,1.000,-2.454,-2.475,0.9451,0.9780,0.9000,0.0000,0.0500,
1.160,1.000,1.000,-2.463,-2.482,0.9925,1.0000,0.9000,0.0000,0.0500,
1.237,1.000,1.000,-2.465,-2.465,0.9753,0.9418,0.9000,0.0000,0.0500,
1.314,1.000,1.000,-2.470,-2.489,0.9870,1.0000,0.9000,0.0000,0.0500,
1.396,1.000,1.000,-2.479,-2.479,1.0000,0.9667,0.9000,0.0000,0.0500,
1.473,1.200,0.800,-2.442,-2.476,0.9089,0.8020,0.9000,0.0000,0.0500,
1.549,1.200,0.800,-2.486,-2.467,1.0000,0.7787,0.9000,0.0000,0.0500,
1.615,1.200,0.800,-2.481,-2.481,0.9839,0.8490,0.9000,0.0000,0.0500,
1.686,1.200,0.800,-2.476,-2.498,0.9780,0.8695,0.9000,0.0000,0.0500,
1.757,1.200,0.800,-2.472,-2.493,0.9762,0.8121,0.9000,0.0000,0.0500,
1.829,1.200,0.800,-2.482,-2.462,1.0000,0.7171,0.9000,0.0000,0.0500,
1.905,1.200,0.800,-2.474,-2.474,0.9692,0.8371,0.9000,0.0000,0.0500,
1.982,1.200,0.800,-2.487,-2.449,1.0000,0.7219,0.9000,0.0000,0.0500,
2.058,1.200,0.800,-2.498,-2.460,1.0000,0.8212,0.9000,0.0000,0.0500,
2.135,1.200,0.800,-2.492,-2.454,0.9796,0.7753,0.9000,0.0000,0.0500,
2.212,1.200,0.800,-2.491,-2.472,0.9926,0.8505,0.9000,0.0000,0.0500,
2.289,1.000,1.000,-2.505,-2.448,0.8589,0.9028,0.9000,0.0000,0.0500,
2.365,1.000,1.000,-2.485,-2.448,0.7613,0.9627,0.9000,0.0000,0.0500,
2.441,1.000,1.000,-2.493,-2.474,0.8333,1.0000,0.9000,0.0000,0.0500,
2.506,1.000,1.000,-2.498,-2.440,0.8317,0.8730,0.9000,0.0000,0.0500,
2.589,1.000,1.000,-2.487,-2.423,0.7828,0.8992,0.9000,0.0000,0.0500,
2.666,1.000,1.000,-2.505,-2.453,0.8733,1.0000,0.9000,0.0000,0.0500,
2.737,0.800,1.200,-2.491,-2.453,0.5977,1.0000,0.9000,0.0000,0.0500,
2.810,0.600,1.400,-2.483,-2.418,0.4279,0.9114,0.9000,0.0000,0.0500,
2.891,0.600,1.400,-2.477,-2.477,0.4247,1.0000,0.9000,0.0000,0.0500,
2.967,0.400,1.600,-2.471,-2.471,0.2409,0.9852,0.9000,0.0000,0.0500,
3.044,0.400,1.600,-2.442,-2.499,0.1572,1.0000,0.9000,0.0000,0.0500,
3.121,0.400,1.600,-2.454,-2.491,0.2696,0.9753,0.9000,0.0000,0.0500,
3.186,0.400,1.600,-2.447,-2.508,0.2190,1.0000,0.9000,0.0000,0.0500,
3.263,0.400,1.600,-2.459,-2.459,0.2733,0.8327,0.9000,0.0000,0.0500,
3.345,0.400,1.600,-2.458,-2.514,0.2424,1.0000,0.9000,0.0000,0.0500,
3.422,0.400,1.600,-2.470,-2.503,0.2829,0.9623,0.9000,0.0000,0.0500,
3.499,0.400,1.600,-2.400,-2.532,0.0176,1.0000,0.9000,0.0000,0.0500,
3.575,0.400,1.600,-2.362,-2.590,0.0615,1.0000,0.9000,0.0000,0.0500,
3.646,0.400,1.600,-2.349,-2.595,0.1148,1.0000,0.9000,0.0000,0.0500,
3.718,0.400,1.600,-2.313,-2.655,0.0219,1.0000,0.9000,0.0000,0.0500,
3.800,0.600,1.400,-2.211,-2.698,-0.0524,0.9648,0.9000,0.0000,0.0500,
3.870,0.600,1.400,-2.180,-2.783,0.0973,1.0000,0.9000,0.0000,0.0500,
3.946,0.600,1.400,-2.155,-2.777,0.0881,0.9134,0.9000,0.0000,0.0500,
4.024,0.600,1.400,-2.178,-2.783,0.2281,0.9528,0.9000,0.0000,0.0500,
4.101,0.600,1.400,-2.176,-2.720,0.1673,0.7208,0.9000,0.0000,0.0500,
4.178,0.600,1.400,-2.169,-2.754,0.1473,0.9939,0.9000,0.0000,0.0500,
4.254,0.600,1.400,-2.169,-2.735,0.1642,0.8443,0.9000,0.0000,0.0500,
4.341,0.800,1.200,-2.059,-2.890,-0.0324,1.0000,0.9000,0.0000,0.0500,
4.413,1.000,1.000,-1.872,-3.062,-0.2089,1.0000,0.9000,0.0000,0.0500,
4.495,1.200,0.800,-1.772,-3.153,0.0969,0.9552,0.9000,0.0000,0.0500,
4.565,1.400,0.600,-1.500,-3.370,-0.3991,1.0000,0.9000,0.0000,0.0500,
4.641,1.600,0.400,-1.127,-3.789,-0.8058,1.0000,0.9000,0.0000,0.0500,
4.732,1.800,0.200,-1.210,-3.724,0.5871,0.5373,0.9000,0.0000,0.0500,
4.820,1.800,0.200,-1.586,-3.272,1.0000,-0.8324,0.9000,0.0000,0.0500,
4.897,2.000,0.000,-1.809,-3.145,1.0000,-0.3164,0.9000,0.0000,0.0500,
4.968,2.000,0.000,-1.843,-3.096,1.0000,-0.1654,0.9000,0.0000,0.0500,
5.059,2.000,0.000,-1.781,-3.148,0.7914,0.1338,0.9000,0.0000,0.0500,
5.144,2.200,0.000,-0.910,-3.955,-1.0000,1.0000,0.9000,0.0000,0.0500,
5.199,2.200,0.000,0.295,-4.510,-1.0000,1.0000,0.9000,0.0000,0.0500,
5.271,2.200,0.000,1.722,-3.162,-1.0000,-1.0000,0.9000,0.0000,0.0500,
5.336,2.200,0.000,2.197,-2.746,-1.0000,-1.0000,0.9000,0.0000,0.0500,
5.424,2.200,0.000,-0.735,-3.748,1.0000,1.0000,0.9000,0.0000,0.0500,
5.500,2.200,0.000,-3.020,-0.699,1.0000,-1.0000,0.9000,0.0000,0.0500,
5.571,2.200,0.000,-2.807,2.124,0.2765,-1.0000,0.9000,0.0000,0.0500,
5.643,2.200,0.000,-2.793,2.151,0.7594,-1.0000,0.9000,0.0000,0.0500,
5.719,2.200,0.000,-2.982,1.959,1.0000,-0.3474,0.9000,0.0000,0.0500,
5.806,2.200,0.000,0.323,-0.646,-1.0000,1.0000,0.9000,0.0000,0.0500,
5.871,2.200,0.000,2.683,-2.286,-1.0000,1.0000,0.9000,0.0000,0.0500,
5.941,2.200,0.000,3.264,1.632,-1.0000,-1.0000,0.9000,0.0000,0.0500,
6.022,2.200,0.000,1.973,2.850,1.0000,-1.0000,0.9000,0.0000,0.0500,
6.104,2.200,0.000,-3.348,-0.618,1.0000,1.0000,0.9000,0.0000,0.0500,
6.200,2.000,0.000,-2.620,2.303,-1.0000,-1.0000,0.9000,0.0000,0.0500,
6.271,2.000,0.000,-2.426,2.517,-0.4944,-1.0000,0.9000,0.0000,0.0500,
6.347,2.000,0.000,-2.482,2.482,0.1819,-0.8810,0.9000,0.0000,0.0500,
6.433,2.000,0.000,0.326,1.609,-1.0000,1.0000,0.9000,0.0000,0.0500,
6.499,2.000,0.000,2.590,-2.367,-1.0000,1.0000,0.9000,0.0000,0.0500,
6.569,2.000,0.000,3.079,0.705,-1.0000,-1.0000,0.9000,0.0000,0.0500,
6.646,2.000,0.000,-1.988,2.940,1.0000,-1.0000,0.9000,0.0000,0.0500,
6.732,2.000,0.000,-3.014,-0.303,1.0000,1.0000,0.9000,0.0000,0.0500,
6.823,2.000,0.000,2.547,0.737,-1.0000,-1.0000,0.9000,0.0000,0.0500,
6.899,2.000,0.000,1.739,3.211,1.0000,-1.0000,0.9000,0.0000,0.0500,
6.986,2.000,0.000,2.602,1.645,-1.0000,1.0000,0.9000,0.0000,0.0500,
7.051,2.000,0.000,2.683,-2.252,-1.0000,1.0000,0.9000,0.0000,0.0500,
7.128,2.000,0.000,3.263,-0.166,-1.0000,-1.0000,0.9000,0.0000,0.0500,
7.204,2.000,0.000,-1.597,3.062,1.0000,-1.0000,0.9000,0.0000,0.0500,
7.280,2.000,0.000,-2.647,-1.181,1.0000,1.0000,0.9000,0.0000,0.0500,
7.368,2.000,0.000,0.955,1.815,-1.0000,-1.0000,0.9000,0.0000,0.0500,
7.450,2.000,0.000,1.008,1.504,-1.0000,0.0548,0.9000,0.0000,0.0500,
7.521,2.200,0.200,2.571,-2.359,-1.0000,1.0000,0.9000,0.0000,0.0500,
7.602,2.200,0.200,3.078,0.000,-1.0000,-1.0000,0.9000,0.0000,0.0500,
7.678,2.200,0.200,-1.991,2.923,1.0000,-1.0000,0.9000,0.0000,0.0500,
7.765,2.200,0.200,-0.826,-0.903,-1.0000,1.0000,0.9000,0.0000,0.0500,
7.841,2.200,0.200,2.938,2.021,-1.0000,-1.0000,0.9000,0.0000,0.0500,
7.918,2.200,0.200,3.308,-1.040,-1.0000,1.0000,0.9000,0.0000,0.0500,
8.013,2.200,0.200,2.958,0.573,0.1901,-1.0000,0.9000,0.0000,0.0500,
8.079,2.200,0.200,0.216,2.499,1.0000,-1.0000,0.9000,0.0000,0.0500,
8.165,2.200,0.200,3.419,-0.744,-1.0000,1.0000,0.9000,0.0000,0.0500,
8.256,2.200,0.200,3.292,0.227,-0.5693,-1.0000,0.9000,0.0000,0.0500,
8.331,2.200,0.200,0.184,0.918,1.0000,-1.0000,0.9000,0.0000,0.0500,
8.408,2.200,0.200,1.483,1.597,-1.0000,-1.0000,0.9000,0.0000,0.0500,
8.489,2.200,0.200,3.168,-0.550,-1.0000,1.0000,0.9000,0.0000,0.0500,
8.576,2.400,0.400,-0.890,3.508,1.0000,-1.0000,0.9000,0.0000,0.0500,
8.657,2.400,0.400,2.218,2.749,-1.0000,1.0000,0.9000,0.0000,0.0500,
8.710,2.400,0.400,0.857,-0.559,1.0000,1.0000,0.9000,0.0000,0.0500,
8.733,2.400,0.400,1.597,0.952,-1.0000,-1.0000,0.9000,0.0000,0.0500,
8.742,2.400,0.400,-0.885,-3.317,1.0000,1.0000,0.9000,0.0000,0.0500,
8.770,2.400,0.400,-0.579,-2.534,-0.0379,-1.0000,0.9000,0.0000,0.0500,
8.783,2.400,0.400,-1.307,-2.686,1.0000,0.8111,0.9000,0.0000,0.0500,
8.805,2.400,0.400,-1.318,-1.610,1.0000,-1.0000,0.9000,0.0000,0.0500,
8.822,2.400,0.400,-2.023,-1.662,1.0000,-0.3600,0.9000,0.0000,0.0500,
8.841,2.400,0.400,-2.463,-0.435,1.0000,-1.0000,0.9000,0.0000,0.0500,
8.871,2.400,0.400,-2.710,0.428,1.0000,-1.0000,0.9000,0.0000,0.0500,
8.889,2.400,0.400,-2.803,1.504,1.0000,-1.0000,0.9000,0.0000,0.0500,
8.926,2.400,0.400,-2.472,1.914,-0.1235,-1.0000,0.9000,0.0000,0.0500,
8.941,2.400,0.400,-2.457,2.291,0.6499,-1.0000,0.9000,0.0000,0.0500,
8.955,2.400,0.400,0.000,0.000,-1.0000,1.0000,0.9000,0.0000,0.0500,
8.974,2.400,0.400,0.000,0.000,-1.0000,1.0000,0.9000,0.0000,0.0500,
9.047,2.400,0.400,-2.053,2.528,1.0000,-1.0000,0.9000,0.0000,0.0500,
9.066,2.400,0.400,0.625,-0.755,-1.0000,1.0000,0.9000,0.0000,0.0500,
9.074,2.400,0.400,-1.006,-2.103,1.0000,1.0000,0.9000,0.0000,0.0500,
9.098,2.400,0.400,-0.931,-1.075,0.2136,-1.0000,0.9000,0.0000,0.0500,
9.116,2.400,0.400,-1.663,-1.518,1.0000,1.0000,0.9000,0.0000,0.0500,
9.140,2.400,0.400,-2.094,-0.433,1.0000,-1.0000,0.9000,0.0000,0.0500,
9.156,2.400,0.400,-2.463,-0.942,1.0000,1.0000,0.9000,0.0000,0.0500,
9.181,2.400,0.400,-2.732,0.000,1.0000,-1.0000,0.9000,0.0000,0.0500,
9.198,2.400,0.400,-2.903,-0.726,1.0000,1.0000,0.9000,0.0000,0.0500,
9.225,2.400,0.400,-2.827,0.141,0.7421,-1.0000,0.9000,0.0000,0.0500,
9.242,2.400,0.400,-2.931,-0.929,1.0000,1.0000,0.9000,0.0000,0.0500,
9.266,2.400,0.400,-3.046,-0.533,1.0000,-1.0000,0.9000,0.0000,0.0500,
9.283,2.400,0.400,-3.004,-1.144,0.8567,1.0000,0.9000,0.0000,0.0500,
9.314,2.400,0.400,-2.979,-0.709,0.8778,-1.0000,0.9000,0.0000,0.0500,
9.327,2.400,0.400,-2.984,-1.430,0.9561,1.0000,0.9000,0.0000,0.0500,
9.348,2.200,0.200,-3.067,-0.488,1.0000,-1.0000,0.9000,0.0000,0.0500,
9.365,2.200,0.200,-3.031,-0.722,0.7182,0.1833,0.9000,0.0000,0.0500,
9.383,2.200,0.200,-3.013,0.000,0.7447,-1.0000,0.9000,0.0000,0.0500,
9.404,2.200,0.200,-2.998,0.000,0.7393,-1.0000,0.9000,0.0000,0.0500,
9.432,2.200,0.200,-2.977,0.916,0.7053,-1.0000,0.9000,0.0000,0.0500,
9.455,2.200,0.200,-2.440,1.451,-1.0000,-1.0000,0.9000,0.0000,0.0500,
9.458,2.200,0.200,-2.114,1.643,-0.8330,-1.0000,0.9000,0.0000,0.0500,
9.479,2.200,0.200,0.000,0.000,-1.0000,1.0000,0.9000,0.0000,0.0500,
9.557,2.200,0.200,-1.392,1.249,1.0000,-1.0000,0.9000,0.0000,0.0500,
9.574,2.200,0.200,0.468,0.260,-1.0000,1.0000,0.9000,0.0000,0.0500,
9.584,2.200,0.200,-1.245,-1.633,1.0000,1.0000,0.9000,0.0000,0.0500,
9.607,2.200,0.200,-0.350,-1.122,-1.0000,-0.7370,0.9000,0.0000,0.0500,
9.625,2.200,0.200,-0.730,-1.606,1.0000,1.0000,0.9000,0.0000,0.0500,
9.645,2.200,0.200,0.000,-0.808,-1.0000,-1.0000,0.9000,0.0000,0.0500,
9.664,2.200,0.200,-0.588,-1.102,1.0000,1.0000,0.9000,0.0000,0.0500,
9.685,2.200,0.200,0.073,-0.219,-1.0000,-1.0000,0.9000,0.0000,0.0500,
9.704,2.200,0.200,-0.436,-0.726,1.0000,1.0000,0.9000,0.0000,0.0500,
9.725,2.200,0.200,0.143,0.072,-1.0000,-1.0000,0.9000,0.0000,0.0500,
9.744,2.200,0.200,-0.288,-0.577,0.7599,1.0000,0.9000,0.0000,0.0500,
9.764,2.200,0.200,0.221,0.221,-1.0000,-1.0000,0.9000,0.0000,0.0500,
9.784,2.200,0.200,-0.217,-0.362,0.7134,1.0000,0.9000,0.0000,0.0500,
9.804,2.200,0.200,0.290,0.290,-1.0000,-1.0000,0.9000,0.0000,0.0500,
9.824,2.000,0.000,0.000,-0.365,-0.0338,1.0000,0.9000,0.0000,0.0500,
9.844,2.000,0.000,0.645,0.215,-1.0000,-1.0000,0.9000,0.0000,0.0500,
9.866,2.000,0.000,0.721,-0.288,-1.0000,0.8680,0.9000,0.0000,0.0500,
9.888,2.000,0.000,1.596,0.347,-1.0000,-1.0000,0.9000,0.0000,0.0500,
9.906,1.800,0.000,2.175,-0.300,-1.0000,1.0000,0.9000,0.0000,0.0500,
9.928,1.800,0.000,2.603,0.372,-1.0000,-1.0000,0.9000,0.0000,0.0500,
9.950,1.800,0.000,2.735,-0.342,-1.0000,1.0000,0.9000,0.0000,0.0500,
9.966,1.800,0.000,2.885,0.380,-1.0000,-1.0000,0.9000,0.0000,0.0500,
9.991,1.600,0.000,2.923,-0.214,-1.0000,1.0000,0.9000,0.0000,0.0500,
10.008,1.600,0.000,3.079,0.375,-1.0000,-1.0000,0.9000,0.0000,0.0500,
10.037,1.600,0.000,2.930,-0.349,-0.4939,1.0000,0.9000,0.0000,0.0500,
10.055,1.600,0.000,2.926,0.731,-0.8521,-1.0000,0.9000,0.0000,0.0500,
10.069,1.600,0.000,3.161,0.431,-1.0000,0.0211,0.9000,0.0000,0.0500,
10.091,1.600,0.000,2.941,0.368,-0.2512,-0.5141,0.9000,0.0000,0.0500,
10.112,1.600,0.000,3.042,0.424,-1.0000,-0.8657,0.9000,0.0000,0.0500,
10.138,1.600,0.000,2.974,0.991,-0.6628,-1.0000,0.9000,0.0000,0.0500,
10.157,1.600,0.000,2.760,1.557,-0.1047,-1.0000,0.9000,0.0000,0.0500,
10.191,1.600,0.000,2.484,1.845,0.3002,-1.0000,0.9000,0.0000,0.0500,
10.230,1.600,0.000,2.436,2.316,-0.2273,-1.0000,0.9000,0.0000,0.0500,
10.266,1.600,0.000,1.877,2.891,1.0000,-1.0000,0.9000,0.0000,0.0500,
10.289,1.600,0.000,1.552,3.182,1.0000,-1.0000,0.9000,0.0000,0.0500,
10.307,1.600,0.000,-0.782,3.598,1.0000,-1.0000,0.9000,0.0000,0.0500,
10.343,1.600,0.000,-1.668,2.823,1.0000,1.0000,0.9000,0.0000,0.0500,
10.381,1.600,0.000,-2.079,2.639,1.0000,0.3233,0.9000,0.0000,0.0500,
10.398,1.600,0.000,-3.340,0.967,1.0000,1.0000,0.9000,0.0000,0.0500,
10.419,1.600,0.000,-3.083,-1.328,0.1270,1.0000,0.9000,0.0000,0.0500,
10.451,1.600,0.000,-2.721,-1.622,-0.4623,1.0000,0.9000,0.0000,0.0500,
10.481,1.600,0.000,-2.535,-2.141,-0.1911,1.0000,0.9000,0.0000,0.0500,
10.495,1.600,0.000,-1.377,-3.196,-1.0000,1.0000,0.9000,0.0000,0.0500,
10.511,1.600,0.000,-0.376,-3.295,-1.0000,1.0000,0.9000,0.0000,0.0500,
10.541,1.600,0.000,1.071,-2.866,-1.0000,-0.4587,0.9000,0.0000,0.0500,
10.563,1.600,0.000,1.670,-2.686,-1.0000,0.0005,0.9000,0.0000,0.0500,
10.588,1.600,0.000,2.253,-2.190,-1.0000,-1.0000,0.9000,0.0000,0.0500,
10.609,1.600,0.000,2.661,-1.794,-1.0000,-1.0000,0.9000,0.0000,0.0500,
10.622,1.600,0.000,3.231,-1.175,-1.0000,-1.0000,0.9000,0.0000,0.0500,
10.649,1.600,0.000,3.118,0.850,-0.6154,-1.0000,0.9000,0.0000,0.0500,
10.674,1.600,0.000,2.712,1.613,0.4814,-1.0000,0.9000,0.0000,0.0500,
10.697,1.600,0.000,2.455,2.135,0.3409,-1.0000,0.9000,0.0000,0.0500,
10.709,1.600,0.000,1.418,3.048,1.0000,-1.0000,0.9000,0.0000,0.0500,
10.729,1.600,0.000,0.068,3.067,1.0000,-1.0000,0.9000,0.0000,0.0500,
10.757,1.600,0.000,-1.279,2.709,1.0000,0.2163,0.9000,0.0000,0.0500,
10.791,1.600,0.000,-1.726,2.624,1.0000,-0.3886,0.9000,0.0000,0.0500,
10.830,1.600,0.000,-2.384,2.304,1.0000,0.4845,0.9000,0.0000,0.0500,
10.867,1.600,0.000,-2.641,2.091,1.0000,0.4120,0.9000,0.0000,0.0500,
10.887,1.600,0.000,-3.445,1.249,1.0000,1.0000,0.9000,0.0000,0.0500,
10.910,1.600,0.000,-3.530,-0.471,1.0000,1.0000,0.9000,0.0000,0.0500,
10.928,1.600,0.000,-2.987,-1.419,-0.8464,1.0000,0.9000,0.0000,0.0500,
10.947,1.600,0.000,-2.419,-1.949,-1.0000,1.0000,0.9000,0.0000,0.0500,
10.959,1.600,0.000,-0.928,-2.863,-1.0000,1.0000,0.9000,0.0000,0.0500,
10.993,1.600,0.000,0.869,-2.751,-1.0000,0.6165,0.9000,0.0000,0.0500,
11.011,1.600,0.000,1.746,-2.687,-1.0000,0.6828,0.9000,0.0000,0.0500,
11.043,1.600,0.000,1.985,-2.481,-1.0000,0.1410,0.9000,0.0000,0.0500,
11.089,1.600,0.000,2.223,-2.446,-1.0000,0.5351,0.9000,0.0000,0.0500,
11.135,1.600,0.000,2.436,-2.405,-1.0000,0.4860,0.9000,0.0000,0.0500,
11.186,1.600,0.000,2.508,-2.297,-1.0000,0.2194,0.9000,0.0000,0.0500,
11.247,1.600,0.000,2.573,-2.329,-1.0000,0.6014,0.9000,0.0000,0.0500,
11.322,1.600,0.000,2.560,-2.345,-0.9547,0.5707,0.9000,0.0000,0.0500,
11.400,1.600,0.000,2.624,-2.298,-1.0000,0.3760,0.9000,0.0000,0.0500,
11.477,1.600,0.000,2.575,-2.387,-0.8348,0.7943,0.9000,0.0000,0.0500,
11.559,1.600,0.000,2.539,-2.389,-0.8338,0.5765,0.9000,0.0000,0.0500,
11.641,1.600,0.000,2.584,-2.364,-1.0000,0.4891,0.9000,0.0000,0.0500,
11.728,1.600,0.000,2.532,-2.427,-0.7885,0.7630,0.9000,0.0000,0.0500,
11.804,1.600,0.000,2.500,-2.412,-0.8078,0.5570,0.9000,0.0000,0.0500,
11.881,1.600,0.000,2.528,-2.396,-0.9851,0.5406,0.9000,0.0000,0.0500,
11.949,1.600,0.000,2.535,-2.403,-0.9376,0.6022,0.9000,0.0000,0.0500,
12.035,1.600,0.000,2.509,-2.428,-0.8301,0.6704,0.9000,0.0000,0.0500,
12.112,1.600,0.000,2.520,-2.431,-0.9353,0.6203,0.9000,0.0000,0.0500,
12.193,1.600,0.000,2.526,-2.413,-0.9266,0.5485,0.9000,0.0000,0.0500,
12.270,1.600,0.000,2.552,-2.410,-1.0000,0.5862,0.9000,0.0000,0.0500,
12.346,1.600,0.000,2.528,-2.414,-0.8531,0.6044,0.9000,0.0000,0.0500,
12.428,1.600,0.000,2.529,-2.434,-0.9160,0.6623,0.9000,0.0000,0.0500,
12.504,1.600,0.000,2.530,-2.428,-0.9184,0.5943,0.9000,0.0000,0.0500,
12.581,1.600,0.000,2.529,-2.396,-0.9133,0.4999,0.9000,0.0000,0.0500,
12.658,1.600,0.000,2.563,-2.411,-1.0000,0.6304,0.9000,0.0000,0.0500,
12.740,1.600,0.000,2.510,-2.398,-0.7651,0.5473,0.9000,0.0000,0.0500,
12.816,1.600,0.000,2.533,-2.427,-0.9739,0.6806,0.9000,0.0000,0.0500,
12.902,1.600,0.000,2.538,-2.405,-0.9355,0.5330,0.9000,0.0000,0.0500,
12.984,1.600,0.000,2.540,-2.416,-0.9298,0.6230,0.9000,0.0000,0.0500,
13.081,1.800,0.000,2.549,-2.390,-0.7758,0.5095,0.9000,0.0000,0.0500,
13.157,1.800,0.000,2.561,-2.425,-0.7932,0.6950,0.9000,0.0000,0.0500,
13.244,1.800,0.000,2.533,-2.420,-0.6692,0.5870,0.9000,0.0000,0.0500,
13.321,1.800,0.000,2.542,-2.413,-0.7670,0.5775,0.9000,0.0000,0.0500,
13.398,1.800,0.000,2.544,-2.431,-0.7545,0.6563,0.9000,0.0000,0.0500,
13.467,1.800,0.000,2.551,-2.399,-0.7697,0.5031,0.9000,0.0000,0.0500,
13.543,1.800,0.000,2.525,-2.414,-0.6655,0.6312,0.9000,0.0000,0.0500,
13.620,1.800,0.000,2.527,-2.413,-0.7395,0.5933,0.9000,0.0000,0.0500,
13.703,1.800,0.000,2.530,-2.398,-0.7434,0.5436,0.9000,0.0000,0.0500,
13.784,1.800,0.000,2.475,-2.459,-0.5496,0.7873,0.9000,0.0000,0.0500,
13.861,1.800,0.000,2.510,-2.440,-0.8054,0.5731,0.9000,0.0000,0.0500,
13.937,1.800,0.000,2.524,-2.429,-0.7641,0.5816,0.9000,0.0000,0.0500,
14.014,1.800,0.000,2.503,-2.446,-0.6594,0.6677,0.9000,0.0000,0.0500,
14.100,1.800,0.000,2.505,-2.429,-0.7174,0.5660,0.9000,0.0000,0.0500,
14.169,1.800,0.000,2.520,-2.432,-0.7656,0.6181,0.9000,0.0000,0.0500,
14.245,1.800,0.000,2.481,-2.439,-0.5924,0.6347,0.9000,0.0000,0.0500,
14.323,1.800,0.000,2.500,-2.424,-0.7557,0.5685,0.9000,0.0000,0.0500,
14.404,1.600,0.000,2.519,-2.444,-0.9529,0.6731,0.9000,0.0000,0.0500,
14.480,1.600,0.000,2.473,-2.473,-0.7508,0.7219,0.9000,0.0000,0.0500,
14.563,1.600,0.000,2.509,-2.452,-0.9842,0.5750,0.9000,0.0000,0.0500,
14.644,1.600,0.000,2.509,-2.442,-0.8983,0.5962,0.9000,0.0000,0.0500,
14.721,1.600,0.000,2.510,-2.457,-0.9003,0.6729,0.9000,0.0000,0.0500,
14.798,1.600,0.000,2.483,-2.445,-0.8036,0.5928,0.9000,0.0000,0.0500,
14.869,1.400,0.000,2.504,-2.447,-1.0000,0.6312,0.9000,0.0000,0.0500,
14.938,1.200,0.000,2.466,-2.420,-0.9038,0.5315,0.9000,0.0000,0.0500,
15.020,1.200,0.000,2.492,-2.473,-1.0000,0.7830,0.9000,0.0000,0.0500,
15.106,1.000,0.200,2.514,-2.445,-1.0000,0.7318,0.9000,0.0000,0.0500,
15.188,0.800,0.400,2.526,-2.401,-1.0000,0.8355,0.9000,0.0000,0.0500,
15.270,0.600,0.600,2.507,-2.454,-0.9527,1.0000,0.9000,0.0000,0.0500,
15.347,0.400,0.800,2.520,-2.419,-1.0000,0.9124,0.9000,0.0000,0.0500,
15.424,0.200,1.000,2.526,-2.413,-1.0000,0.9849,0.9000,0.0000,0.0500,
15.496,0.000,1.200,2.541,-2.428,-1.0000,1.0000,0.9000,0.0000,0.0500,
15.567,0.000,1.400,2.525,-2.418,-0.9463,0.9754,0.9000,0.0000,0.0500,
15.645,0.000,1.600,2.470,-2.388,-0.7958,0.9235,0.9000,0.0000,0.0500,
15.737,0.000,1.800,2.534,-2.410,-1.0000,1.0000,0.9000,0.0000,0.0500,
15.804,0.000,2.000,2.539,-2.407,-1.0000,0.9917,0.9000,0.0000,0.0500,
15.896,0.000,2.200,2.533,-2.391,-0.9787,0.9608,0.9000,0.0000,0.0500,
15.972,0.000,2.200,2.532,-2.415,-0.9874,1.0000,0.9000,0.0000,0.0500,
16.044,0.000,2.200,2.513,-2.437,-0.9276,1.0000,0.9000,0.0000,0.0500,
16.120,0.000,2.200,2.505,-2.424,-0.9486,0.9581,0.9000,0.0000,0.0500,
16.202,0.000,2.200,2.512,-2.436,-0.9910,1.0000,0.9000,0.0000,0.0500,
16.268,0.000,2.200,2.476,-2.476,-0.8503,1.0000,0.9000,0.0000,0.0500,
16.341,0.000,2.200,2.497,-2.453,-1.0000,0.9231,0.9000,0.0000,0.0500,
16.418,0.000,2.200,2.474,-2.454,-0.8831,0.9838,0.9000,0.0000,0.0500,
16.500,0.000,2.200,2.481,-2.462,-0.9618,1.0000,0.9000,0.0000,0.0500,
16.568,0.000,2.200,2.484,-2.467,-0.9580,1.0000,0.9000,0.0000,0.0500,
16.640,0.000,2.200,2.475,-2.454,-0.9176,0.9473,0.9000,0.0000,0.0500,
16.717,0.000,2.200,2.469,-2.488,-0.9208,1.0000,0.9000,0.0000,0.0500,
16.794,0.000,2.000,2.463,-2.426,-0.9135,0.6072,0.9000,0.0000,0.0500,
16.871,0.000,2.000,2.478,-2.478,-0.9808,0.9420,0.9000,0.0000,0.0500,
16.956,0.000,2.000,2.496,-2.439,-1.0000,0.6787,0.9000,0.0000,0.0500,
17.015,0.000,2.000,2.481,-2.463,-0.9079,0.8568,0.9000,0.0000,0.0500,
17.101,0.000,2.000,2.477,-2.454,-0.9337,0.7665,0.9000,0.0000,0.0500,
17.182,0.000,2.000,2.486,-2.486,-0.9715,0.8975,0.9000,0.0000,0.0500,
17.259,0.000,2.000,2.488,-2.470,-0.9570,0.7644,0.9000,0.0000,0.0500,
17.335,0.000,1.800,2.464,-2.464,-0.8698,0.6020,0.9000,0.0000,0.0500,
17.412,0.000,1.600,2.475,-2.456,-0.9696,0.4125,0.9000,0.0000,0.0500,
17.488,0.000,1.400,2.450,-2.450,-0.8555,0.2307,0.9000,0.0000,0.0500,
17.570,0.000,1.200,2.472,-2.453,-0.9914,0.0749,0.9000,0.0000,0.0500,
17.647,0.200,1.000,2.468,-2.451,-0.7435,-0.1194,0.9000,0.0000,0.0500,
17.710,0.200,1.000,2.479,-2.478,-0.7907,-0.0193,0.9000,0.0000,0.0500,
17.793,0.200,1.000,2.437,-2.437,-0.6238,-0.2283,0.9000,0.0000,0.0500,
17.874,0.200,1.000,2.478,-2.461,-0.8647,-0.0454,0.9000,0.0000,0.0500,
17.961,0.200,1.000,2.473,-2.473,-0.7465,-0.0633,0.9000,0.0000,0.0500,
18.037,0.200,1.000,2.470,-2.470,-0.7490,-0.1034,0.9000,0.0000,0.0500,
18.114,0.200,1.000,2.487,-2.449,-0.8122,-0.1702,0.9000,0.0000,0.0500,
18.187,0.200,1.000,2.525,-2.430,-0.8994,-0.1776,0.9000,0.0000,0.0500,
18.256,0.200,1.000,2.319,-2.261,-0.1063,-0.7076,0.9000,0.0000,0.0500,
18.333,0.200,1.000,2.354,-2.289,-0.7378,-0.1900,0.9000,0.0000,0.0500,
18.409,0.200,1.000,2.505,-2.429,-1.0000,0.2183,0.9000,0.0000,0.0500,
18.487,0.200,1.000,2.469,-2.431,-0.6658,-0.1272,0.9000,0.0000,0.0500,
18.564,0.200,1.000,2.509,-2.438,-0.8899,-0.1077,0.9000,0.0000,0.0500,
18.655,0.200,1.000,2.495,-2.439,-0.7458,-0.1229,0.9000,0.0000,0.0500,
18.737,0.200,1.000,2.490,-2.456,-0.7598,-0.0642,0.9000,0.0000,0.0500,
18.813,0.200,1.000,2.528,-2.408,-0.9031,-0.2722,0.9000,0.0000,0.0500,
18.890,0.200,1.000,2.564,-2.394,-0.9299,-0.2005,0.9000,0.0000,0.0500,
18.967,0.200,1.000,2.599,-2.354,-0.9611,-0.2994,0.9000,0.0000,0.0500,
19.043,0.200,1.000,2.687,-2.230,-1.0000,-0.6237,0.9000,0.0000,0.0500,
19.109,0.200,1.000,2.917,-2.008,-1.0000,-1.0000,0.9000,0.0000,0.0500,
19.167,0.200,1.000,3.639,-1.260,-1.0000,-1.0000,0.9000,0.0000,0.0500,
19.237,0.200,1.000,4.261,-0.398,-1.0000,-1.0000,0.9000,0.0000,0.0500,
19.305,0.200,1.000,4.010,0.914,-0.1457,-1.0000,0.9000,0.0000,0.0500,
19.382,0.200,1.000,3.870,0.850,-0.2992,-0.7822,0.9000,0.0000,0.0500,
19.467,0.200,1.000,3.879,1.027,-0.6784,-1.0000,0.9000,0.0000,0.0500,
19.544,0.200,1.000,3.334,1.334,1.0000,-1.0000,0.9000,0.0000,0.0500,
19.615,0.200,1.000,3.031,1.920,0.8661,-1.0000,0.9000,0.0000,0.0500,
19.682,0.200,1.000,2.564,2.360,1.0000,-1.0000,0.9000,0.0000,0.0500,
19.773,0.200,1.000,2.726,2.218,-0.0253,-0.5155,0.9000,0.0000,0.0500,
19.841,0.200,1.000,3.686,1.268,-1.0000,1.0000,0.9000,0.0000,0.0500,
19.922,0.200,1.000,3.578,1.307,-0.1147,-0.1503,0.9000,0.0000,0.0500,
19.999,0.200,1.000,3.490,1.471,-0.0865,-0.6112,0.9000,0.0000,0.0500,
20.075,0.200,1.000,3.414,1.498,-0.0467,-0.2917,0.9000,0.0000,0.0500,
20.166,0.200,1.000,3.278,1.658,0.2238,-0.7678,0.9000,0.0000,0.0500,
20.242,0.200,1.000,3.043,1.929,0.6834,-1.0000,0.9000,0.0000,0.0500,
20.309,0.200,1.000,2.891,2.073,0.6135,-1.0000,0.9000,0.0000,0.0500,
20.385,0.200,1.000,2.702,2.235,0.8753,-1.0000,0.9000,0.0000,0.0500,
20.457,0.200,1.000,2.565,2.394,0.8687,-1.0000,0.9000,0.0000,0.0500,
20.524,0.200,1.000,2.489,2.448,0.7851,-1.0000,0.9000,0.0000,0.0500,
20.596,0.200,1.000,2.478,2.455,0.6326,-1.0000,0.9000,0.0000,0.0500,
20.672,0.200,1.000,2.435,2.515,0.7498,-1.0000,0.9000,0.0000,0.0500,
20.743,0.200,1.000,2.334,2.621,0.9894,-1.0000,0.9000,0.0000,0.0500,
20.820,0.200,1.000,2.351,2.596,0.6761,-0.9169,0.9000,0.0000,0.0500,
20.896,0.200,1.000,2.382,2.552,0.6150,-0.8269,0.9000,0.0000,0.0500,
20.973,0.200,1.000,-1.166,3.308,1.0000,-1.0000,0.9000,0.0000,0.0500,
21.050,0.200,1.000,-2.339,2.603,1.0000,1.0000,0.9000,0.0000,0.0500,
21.126,0.200,1.000,-2.451,2.507,1.0000,-0.0397,0.9000,0.0000,0.0500,
21.202,0.200,1.000,-2.290,2.650,0.4540,-0.7640,0.9000,0.0000,0.0500,
21.284,0.200,1.000,1.262,1.109,-1.0000,1.0000,0.9000,0.0000,0.0500,
21.350,0.200,1.000,3.352,-0.623,-1.0000,1.0000,0.9000,0.0000,0.0500,
21.436,0.200,1.000,2.235,2.706,1.0000,-1.0000,0.9000,0.0000,0.0500,
21.507,0.200,1.000,-0.339,3.679,1.0000,-1.0000,0.9000,0.0000,0.0500,
21.588,0.200,1.000,-2.194,2.752,1.0000,1.0000,0.9000,0.0000,0.0500,
21.674,0.200,1.000,-2.372,2.584,1.0000,0.4061,0.9000,0.0000,0.0500,
21.742,0.200,1.000,-2.440,2.528,1.0000,0.1742,0.9000,0.0000,0.0500,
21.814,0.200,1.000,-2.453,2.473,1.0000,0.2224,0.9000,0.0000,0.0500,
21.895,0.200,1.000,-2.442,2.504,0.9621,-0.0183,0.9000,0.0000,0.0500,
21.972,0.200,1.000,-2.426,2.513,0.9334,0.0273,0.9000,0.0000,0.0500,
22.054,0.200,1.000,-2.433,2.474,0.9998,0.1823,0.9000,0.0000,0.0500,
22.136,0.200,1.000,-2.451,2.505,1.0000,-0.0209,0.9000,0.0000,0.0500,
22.217,0.200,1.000,-2.463,2.480,1.0000,0.1417,0.9000,0.0000,0.0500,
22.309,0.200,1.000,-2.451,2.503,0.9588,-0.0016,0.9000,0.0000,0.0500,
22.396,0.200,1.000,-2.461,2.495,1.0000,0.0880,0.9000,0.0000,0.0500,
22.472,0.200,1.000,-2.564,2.389,1.0000,0.4258,0.9000,0.0000,0.0500,
22.543,0.200,1.000,-3.389,-1.390,1.0000,1.0000,0.9000,0.0000,0.0500,
22.613,0.200,1.000,-3.523,-1.409,1.0000,1.0000,0.9000,0.0000,0.0500,
22.700,0.200,1.000,-0.412,0.953,-1.0000,-1.0000,0.9000,0.0000,0.0500,
22.777,0.200,1.000,2.490,-2.440,-1.0000,1.0000,0.9000,0.0000,0.0500,
22.865,0.200,1.000,-2.229,0.151,1.0000,-1.0000,0.9000,0.0000,0.0500,
22.932,0.200,1.000,-2.555,2.381,1.0000,-1.0000,0.9000,0.0000,0.0500,
23.008,0.200,1.000,-3.377,-0.838,1.0000,1.0000,0.9000,0.0000,0.0500,
23.091,0.200,1.000,-2.718,-2.209,-1.0000,1.0000,0.9000,0.0000,0.0500,
23.167,0.200,1.000,-2.697,-2.256,0.3343,1.0000,0.9000,0.0000,0.0500,
23.244,0.200,1.000,-2.767,-2.180,0.6283,0.7405,0.9000,0.0000,0.0500,
23.321,0.200,1.000,-2.881,-2.071,0.8379,0.5625,0.9000,0.0000,0.0500,
23.389,0.200,1.000,-3.097,-1.813,1.0000,-0.0443,0.9000,0.0000,0.0500,
23.465,0.200,1.000,-3.173,-1.737,1.0000,0.3417,0.9000,0.0000,0.0500,
23.542,0.200,1.000,-3.224,-1.726,0.9877,0.4945,0.9000,0.0000,0.0500,
23.629,0.200,1.000,-3.424,-1.503,1.0000,-0.2345,0.9000,0.0000,0.0500,
23.705,0.200,1.000,-3.441,-1.522,1.0000,0.3879,0.9000,0.0000,0.0500,
23.782,0.200,1.000,-3.623,-1.309,1.0000,-0.3865,0.9000,0.0000,0.0500,
23.873,0.200,1.000,-3.242,-1.687,-0.2940,1.0000,0.9000,0.0000,0.0500,
23.950,0.200,1.000,-2.649,-2.283,-1.0000,1.0000,0.9000,0.0000,0.0500,
24.021,0.200,1.000,-1.754,-2.962,-1.0000,1.0000,0.9000,0.0000,0.0500,
24.093,0.200,1.000,3.139,0.821,-1.0000,-1.0000,0.9000,0.0000,0.0500,
24.189,0.200,1.000,1.067,-1.952,1.0000,1.0000,0.9000,0.0000,0.0500,
24.265,0.200,1.000,-2.737,2.223,1.0000,-1.0000,0.9000,0.0000,0.0500,
24.341,0.200,1.000,-3.203,0.288,1.0000,1.0000,0.9000,0.0000,0.0500,
24.422,0.200,1.000,1.104,-3.408,-1.0000,1.0000,0.9000,0.0000,0.0500,
24.498,0.200,1.000,-1.021,-3.761,1.0000,1.0000,0.9000,0.0000,0.0500,
24.575,0.200,1.000,-2.233,-2.691,1.0000,-1.0000,0.9000,0.0000,0.0500,
24.646,0.200,1.000,-2.475,-2.457,1.0000,-0.7592,0.9000,0.0000,0.0500,
24.728,0.200,1.000,-2.783,-2.174,1.0000,-1.0000,0.9000,0.0000,0.0500,
24.780,0.200,1.000,-2.808,-2.133,1.0000,-0.5682,0.9000,0.0000,0.0500,
24.867,0.200,1.000,-2.677,-2.218,0.5540,-0.1754,0.9000,0.0000,0.0500,
24.943,0.200,1.000,-2.808,-2.137,1.0000,-0.6642,0.9000,0.0000,0.0500,
25.010,0.200,1.000,-3.580,-1.352,1.0000,-1.0000,0.9000,0.0000,0.0500,
25.080,0.200,1.000,-3.741,-0.961,1.0000,-1.0000,0.9000,0.0000,0.0500,
25.171,0.200,1.000,0.125,-2.131,-1.0000,1.0000,0.9000,0.0000,0.0500,
25.233,0.200,1.000,2.404,-2.570,-1.0000,1.0000,0.9000,0.0000,0.0500,
25.309,0.200,1.000,2.520,-2.409,-1.0000,-0.0976,0.9000,0.0000,0.0500,
25.390,0.200,1.000,1.207,1.437,1.0000,-1.0000,0.9000,0.0000,0.0500,
25.466,0.200,1.000,-3.311,-0.868,1.0000,1.0000,0.9000,0.0000,0.0500,
25.542,0.200,1.000,-3.335,-0.020,1.0000,-1.0000,0.9000,0.0000,0.0500,
25.629,0.200,1.000,0.745,-3.360,-1.0000,1.0000,0.9000,0.0000,0.0500,
25.731,0.200,1.000,-1.912,-3.027,1.0000,-0.1318,0.9000,0.0000,0.0500,
25.803,0.200,1.000,-3.106,1.439,1.0000,-1.0000,0.9000,0.0000,0.0500,
25.885,0.200,1.000,-2.570,2.356,-0.8200,-1.0000,0.9000,0.0000,0.0500,
25.962,0.200,1.000,-2.501,2.450,0.2813,-1.0000,0.9000,0.0000,0.0500,
26.039,0.200,1.000,-2.488,2.431,0.4117,-0.9360,0.9000,0.0000,0.0500,
26.115,0.200,1.000,-2.574,2.385,0.7386,-0.8266,0.9000,0.0000,0.0500,
26.178,0.200,1.000,-2.560,2.390,0.4737,-0.9566,0.9000,0.0000,0.0500,
26.255,0.200,1.000,-2.486,2.412,0.2568,-1.0000,0.9000,0.0000,0.0500,
26.332,0.200,1.000,-2.458,2.458,0.3461,-1.0000,0.9000,0.0000,0.0500,
26.433,0.200,1.000,0.342,1.767,-1.0000,1.0000,0.9000,0.0000,0.0500,
26.495,0.200,1.000,2.604,-2.361,-1.0000,1.0000,0.9000,0.0000,0.0500,
26.566,0.200,1.000,2.797,-2.141,-1.0000,0.2517,0.9000,0.0000,0.0500,
26.662,0.200,1.000,-2.913,0.951,1.0000,-1.0000,0.9000,0.0000,0.0500,
26.744,0.200,1.000,-3.372,-0.706,1.0000,1.0000,0.9000,0.0000,0.0500,
26.840,0.200,1.000,0.650,-0.462,-1.0000,-0.3397,0.9000,0.0000,0.0500,
26.917,0.200,1.000,-3.414,-0.454,1.0000,0.2460,0.9000,0.0000,0.0500,
27.007,0.200,1.000,0.428,3.445,-1.0000,-1.0000,0.9000,0.0000,0.0500,
27.088,0.200,1.000,-0.777,3.955,1.0000,-1.0000,0.9000,0.0000,0.0500,
27.171,0.400,1.200,-2.069,2.866,1.0000,1.0000,0.9000,0.0000,0.0500,
27.242,0.400,1.200,-2.351,2.596,1.0000,1.0000,0.9000,0.0000,0.0500,
27.319,0.400,1.200,-2.319,2.627,0.8929,0.2978,0.9000,0.0000,0.0500,
27.400,0.400,1.200,-2.263,2.660,0.7815,0.2649,0.9000,0.0000,0.0500,
27.491,0.400,1.200,-1.743,3.077,-0.8479,-1.0000,0.9000,0.0000,0.0500,
27.567,0.400,1.200,2.846,-0.904,-1.0000,1.0000,0.9000,0.0000,0.0500,
27.645,0.600,1.400,2.521,-2.389,0.2842,1.0000,0.9000,0.0000,0.0500,
27.716,0.800,1.600,0.603,-2.570,1.0000,1.0000,0.9000,0.0000,0.0500,
27.792,1.000,1.800,-3.343,1.052,1.0000,-1.0000,0.9000,0.0000,0.0500,
27.888,1.200,2.000,0.076,-2.480,-1.0000,1.0000,0.9000,0.0000,0.0500,
27.963,1.400,2.200,0.489,0.331,-1.0000,-1.0000,0.9000,0.0000,0.0500,
28.040,1.600,2.400,-1.781,3.064,1.0000,-1.0000,0.9000,0.0000,0.0500,
28.116,1.800,2.600,-3.150,0.133,1.0000,1.0000,0.9000,0.0000,0.0500,
28.193,1.800,2.600,-2.611,-2.309,-0.8297,1.0000,0.9000,0.0000,0.0500,
28.265,1.800,2.600,-2.524,-2.429,0.2176,1.0000,0.9000,0.0000,0.0500,
28.337,1.800,2.600,-2.562,-2.338,0.5672,0.6925,0.9000,0.0000,0.0500,
28.419,1.800,2.600,-0.318,-2.345,-1.0000,0.9407,0.9000,0.0000,0.0500,
28.495,1.800,2.600,3.131,-0.274,-1.0000,-1.0000,0.9000,0.0000,0.0500,
28.586,1.800,2.600,0.076,-3.630,1.0000,1.0000,0.9000,0.0000,0.0500,
28.672,1.800,2.600,-2.524,-2.408,1.0000,-1.0000,0.9000,0.0000,0.0500,
28.745,1.800,2.600,0.502,1.166,-1.0000,-1.0000,0.9000,0.0000,0.0500,
28.821,1.800,2.600,3.111,0.668,-1.0000,0.6922,0.9000,0.0000,0.0500,
28.922,1.800,2.600,-1.886,3.010,1.0000,-1.0000,0.9000,0.0000,0.0500,
29.013,1.600,2.800,-1.007,-2.173,-1.0000,1.0000,0.9000,0.0000,0.0500,
29.094,1.600,2.800,-0.385,-3.733,-1.0000,1.0000,0.9000,0.0000,0.0500,
29.173,1.600,2.800,-0.071,-3.380,-1.0000,-0.2022,0.9000,0.0000,0.0500,
29.249,1.600,2.800,2.783,-1.763,-1.0000,-1.0000,0.9000,0.0000,0.0500,
29.325,1.600,2.800,-1.199,0.647,1.0000,-1.0000,0.9000,0.0000,0.0500,
29.407,1.800,2.600,-3.186,-0.076,1.0000,1.0000,0.9000,0.0000,0.0500,
29.504,1.800,2.600,1.868,2.982,-1.0000,-1.0000,0.9000,0.0000,0.0500,
29.600,1.800,2.600,-0.015,-0.139,1.0000,1.0000,0.9000,0.0000,0.0500,
29.668,2.000,2.400,2.377,-0.421,-1.0000,1.0000,0.9000,0.0000,0.0500,
29.731,2.000,2.400,2.440,-2.332,-1.0000,1.0000,0.9000,0.0000,0.0500,
29.812,2.000,2.400,2.687,-1.952,-1.0000,-0.2934,0.9000,0.0000,0.0500,
29.882,1.800,2.600,3.348,0.820,-1.0000,-1.0000,0.9000,0.0000,0.0500,
29.962,1.800,2.600,-1.189,3.038,1.0000,-1.0000,0.9000,0.0000,0.0500,
30.026,1.800,2.600,-2.958,0.442,1.0000,1.0000,0.9000,0.0000,0.0500,
30.094,1.800,2.600,1.719,-0.650,-1.0000,1.0000,0.9000,0.0000,0.0500,
30.182,1.800,2.600,-1.390,-0.211,1.0000,-0.4928,0.9000,0.0000,0.0500,
30.264,1.800,2.600,1.982,-2.615,-1.0000,1.0000,0.9000,0.0000,0.0500,
30.331,1.800,2.600,2.356,-2.356,-1.0000,0.1223,0.9000,0.0000,0.0500,
30.414,1.800,2.600,3.620,-0.987,-1.0000,-1.0000,0.9000,0.0000,0.0500,
